,year,category,artist,nominee,association
0,1977,Best British Album,The Beatles,The Beatles,BRIT Music Awards
1,1977,Best British Female,Shirley Bassey,Shirley Bassey,BRIT Music Awards
2,1977,Best British Female Newcomer,Julie Covington,Julie Covington,BRIT Music Awards
3,1977,Best British Group,The Beatles,The Beatles,BRIT Music Awards
4,1977,Best British Male,Cliff Richard,Cliff Richard,BRIT Music Awards
5,1977,Best British Male Newcomer,Graham Parker,Graham Parker,BRIT Music Awards
6,1977,Best British Producer,George Martin,George Martin,BRIT Music Awards
7,1977,Best British Single,Procul Harum,Procul Harum,BRIT Music Awards
8,1977,Outstanding Contribution,L.G.Wood,L.G.Wood,BRIT Music Awards
9,1977,Best British Album,The Beatles,The Beatles,BRIT Music Awards
10,1977,Best British Female,Shirley Bassey,Shirley Bassey,BRIT Music Awards
11,1977,Best British Female Newcomer,Julie Covington,Julie Covington,BRIT Music Awards
12,1977,Best British Group,The Beatles,The Beatles,BRIT Music Awards
13,1977,Best British Male,Cliff Richard,Cliff Richard,BRIT Music Awards
14,1977,Best British Male Newcomer,Graham Parker,Graham Parker,BRIT Music Awards
15,1977,Best British Producer,George Martin,George Martin,BRIT Music Awards
16,1977,Best British Single,Procul Harum,Procul Harum,BRIT Music Awards
17,1977,Outstanding Contribution,L.G.Wood,L.G.Wood,BRIT Music Awards
18,1982,Best British Album,Adam & The Ants,Adam & The Ants,BRIT Music Awards
19,1982,Best British Female,Randy Crawford,Randy Crawford,BRIT Music Awards
20,1982,Best British Group,The Police,The Police,BRIT Music Awards
21,1982,Best British Male,Cliff Richard,Cliff Richard,BRIT Music Awards
22,1982,Best British Newcomer,The Human League,The Human League,BRIT Music Awards
23,1982,Best British Producer,Martin Rushent,Martin Rushent,BRIT Music Awards
24,1982,Best British Single,Soft Cell,Soft Cell,BRIT Music Awards
25,1982,Best Classical Recording,Simon Rattle,Simon Rattle,BRIT Music Awards
26,1982,Outstanding Contribution,John Lennon,John Lennon,BRIT Music Awards
27,1982,Best British Album,Adam & The Ants,Adam & The Ants,BRIT Music Awards
28,1982,Best British Female,Randy Crawford,Randy Crawford,BRIT Music Awards
29,1982,Best British Group,The Police,The Police,BRIT Music Awards
30,1982,Best British Male,Cliff Richard,Cliff Richard,BRIT Music Awards
31,1982,Best British Newcomer,The Human League,The Human League,BRIT Music Awards
32,1982,Best British Producer,Martin Rushent,Martin Rushent,BRIT Music Awards
33,1982,Best British Single,Soft Cell,Soft Cell,BRIT Music Awards
34,1982,Best Classical Recording,Simon Rattle,Simon Rattle,BRIT Music Awards
35,1982,Outstanding Contribution,John Lennon,John Lennon,BRIT Music Awards
36,1983,Best British Female,Kim Wilde,Kim Wilde,BRIT Music Awards
37,1983,Best British Group,Dire Straits,Dire Straits,BRIT Music Awards
38,1983,Best British Male,Paul McCartney,Paul McCartney,BRIT Music Awards
39,1983,Best British Newcomer,Yazoo,Yazoo,BRIT Music Awards
40,1983,Best British Producer,Trevor Horn,Trevor Horn,BRIT Music Awards
41,1983,Best British Single,Dexys Midnight Runners,Dexys Midnight Runners,BRIT Music Awards
42,1983,Best Classical Recording,John Williams,John Williams,BRIT Music Awards
43,1983,Best International Solo Artist,Kid Creole,Kid Creole,BRIT Music Awards
44,1983,Best Selling Album,Barbara Streisand,Barbara Streisand,BRIT Music Awards
45,1983,Life Acheivement,Pete Townsend,Pete Townsend,BRIT Music Awards
46,1983,Outstanding Contribution,The Beatles,The Beatles,BRIT Music Awards
47,1983,Sony Trophy for Technical Excellence,Paul McCartney,Paul McCartney,BRIT Music Awards
48,1983,Special Award,Chris Wright,Chris Wright,BRIT Music Awards
49,1983,Best British Female,Kim Wilde,Kim Wilde,BRIT Music Awards
50,1983,Best British Group,Dire Straits,Dire Straits,BRIT Music Awards
51,1983,Best British Male,Paul McCartney,Paul McCartney,BRIT Music Awards
52,1983,Best British Newcomer,Yazoo,Yazoo,BRIT Music Awards
53,1983,Best British Producer,Trevor Horn,Trevor Horn,BRIT Music Awards
54,1983,Best British Single,Dexys Midnight Runners,Dexys Midnight Runners,BRIT Music Awards
55,1983,Best Classical Recording,John Williams,John Williams,BRIT Music Awards
56,1983,Best International Solo Artist,Kid Creole,Kid Creole,BRIT Music Awards
57,1983,Best Selling Album,Barbara Streisand,Barbara Streisand,BRIT Music Awards
58,1983,Life Acheivement,Pete Townsend,Pete Townsend,BRIT Music Awards
59,1983,Outstanding Contribution,The Beatles,The Beatles,BRIT Music Awards
60,1983,Sony Trophy for Technical Excellence,Paul McCartney,Paul McCartney,BRIT Music Awards
61,1983,Special Award,Chris Wright,Chris Wright,BRIT Music Awards
62,1984,Best British Female,Annie Lennox,Annie Lennox,BRIT Music Awards
63,1984,Best British Group,Culture Club,Culture Club,BRIT Music Awards
64,1984,Best British Male,David Bowie,David Bowie,BRIT Music Awards
65,1984,Best British Newcomer,Paul Young,Paul Young,BRIT Music Awards
66,1984,Best British Producer,Steve Levine,Steve Levine,BRIT Music Awards
67,1984,Best British Single,Culture Club,Culture Club,BRIT Music Awards
68,1984,Best Classical Recording,Kiri Te Kanawa,Kiri Te Kanawa,BRIT Music Awards
69,1984,Best International Artist,Michael Jackson,Michael Jackson,BRIT Music Awards
70,1984,Best Selling Album,Michael Jackson,Michael Jackson,BRIT Music Awards
71,1984,Outstanding Contribution,George Martin,George Martin,BRIT Music Awards
72,1984,Sony Trophy for Technical Excellence,Spandau Ballet,Spandau Ballet,BRIT Music Awards
73,1984,Best British Female,Annie Lennox,Annie Lennox,BRIT Music Awards
74,1984,Best British Group,Culture Club,Culture Club,BRIT Music Awards
75,1984,Best British Male,David Bowie,David Bowie,BRIT Music Awards
76,1984,Best British Newcomer,Paul Young,Paul Young,BRIT Music Awards
77,1984,Best British Producer,Steve Levine,Steve Levine,BRIT Music Awards
78,1984,Best British Single,Culture Club,Culture Club,BRIT Music Awards
79,1984,Best Classical Recording,Kiri Te Kanawa,Kiri Te Kanawa,BRIT Music Awards
80,1984,Best International Artist,Michael Jackson,Michael Jackson,BRIT Music Awards
81,1984,Best Selling Album,Michael Jackson,Michael Jackson,BRIT Music Awards
82,1984,Outstanding Contribution,George Martin,George Martin,BRIT Music Awards
83,1984,Sony Trophy for Technical Excellence,Spandau Ballet,Spandau Ballet,BRIT Music Awards
84,1985,Best British Album,Sade,Sade,BRIT Music Awards
85,1985,Best British Female,Alison Moyet,Alison Moyet,BRIT Music Awards
86,1985,Best British Group,Wham,Wham,BRIT Music Awards
87,1985,Best British Male,Paul Young,Paul Young,BRIT Music Awards
88,1985,Best British Newcomer,Frankie Goes To Hollywood,Frankie Goes To Hollywood,BRIT Music Awards
89,1985,Best British Producer,Trevor Horn,Trevor Horn,BRIT Music Awards
90,1985,Best British Single,Frankie Goes To Hollywood,Frankie Goes To Hollywood,BRIT Music Awards
91,1985,Best British Video,Duran Duran,Duran Duran,BRIT Music Awards
92,1985,Best Classical Recording,Christopher Hogwood,Christopher Hogwood,BRIT Music Awards
93,1985,Best Comedy Record,Neil,Neil,BRIT Music Awards
94,1985,Best International Solo Artist,Prince,Prince,BRIT Music Awards
95,1985,Best Soundtrack/Cast Recording,Purple Rain,Purple Rain,BRIT Music Awards
96,1985,Outstanding Contribution,The Police,The Police,BRIT Music Awards
97,1985,Special Award,Bob Geldof,Bob Geldof,BRIT Music Awards
98,1985,Best British Album,Sade,Sade,BRIT Music Awards
99,1985,Best British Female,Alison Moyet,Alison Moyet,BRIT Music Awards
100,1985,Best British Group,Wham,Wham,BRIT Music Awards
101,1985,Best British Male,Paul Young,Paul Young,BRIT Music Awards
102,1985,Best British Newcomer,Frankie Goes To Hollywood,Frankie Goes To Hollywood,BRIT Music Awards
103,1985,Best British Producer,Trevor Horn,Trevor Horn,BRIT Music Awards
104,1985,Best British Single,Frankie Goes To Hollywood,Frankie Goes To Hollywood,BRIT Music Awards
105,1985,Best British Video,Duran Duran,Duran Duran,BRIT Music Awards
106,1985,Best Classical Recording,Christopher Hogwood,Christopher Hogwood,BRIT Music Awards
107,1985,Best Comedy Record,Neil,Neil,BRIT Music Awards
108,1985,Best International Solo Artist,Prince,Prince,BRIT Music Awards
109,1985,Best Soundtrack/Cast Recording,Purple Rain,Purple Rain,BRIT Music Awards
110,1985,Outstanding Contribution,The Police,The Police,BRIT Music Awards
111,1985,Special Award,Bob Geldof,Bob Geldof,BRIT Music Awards
112,1986,Best British Album,Phil Collins,Phil Collins,BRIT Music Awards
113,1986,Best British Female,Annie Lennox,Annie Lennox,BRIT Music Awards
114,1986,Best British Group,Dire Straits,Dire Straits,BRIT Music Awards
115,1986,Best British Male,Phil Collins,Phil Collins,BRIT Music Awards
116,1986,Best British Newcomer,Go West,Go West,BRIT Music Awards
117,1986,Best British Producer,Dave Stewart,Dave Stewart,BRIT Music Awards
118,1986,Best British Single,Tears For Fears,Tears For Fears,BRIT Music Awards
119,1986,Best British Video,Paul Young,Paul Young,BRIT Music Awards
120,1986,Best Classical Recording,Vernon Handley,Vernon Handley,BRIT Music Awards
121,1986,Best International Group,Huey Lewis & The News,Huey Lewis & The News,BRIT Music Awards
122,1986,Best International Solo Artist,Bruce Springsteen,Bruce Springsteen,BRIT Music Awards
123,1986,Outstanding Contribution,Elton John,Elton John,BRIT Music Awards
124,1986,Special Award,Bob Geldof,Bob Geldof,BRIT Music Awards
125,1986,Best British Album,Phil Collins,Phil Collins,BRIT Music Awards
126,1986,Best British Female,Annie Lennox,Annie Lennox,BRIT Music Awards
127,1986,Best British Group,Dire Straits,Dire Straits,BRIT Music Awards
128,1986,Best British Male,Phil Collins,Phil Collins,BRIT Music Awards
129,1986,Best British Newcomer,Go West,Go West,BRIT Music Awards
130,1986,Best British Producer,Dave Stewart,Dave Stewart,BRIT Music Awards
131,1986,Best British Single,Tears For Fears,Tears For Fears,BRIT Music Awards
132,1986,Best British Video,Paul Young,Paul Young,BRIT Music Awards
133,1986,Best Classical Recording,Vernon Handley,Vernon Handley,BRIT Music Awards
134,1986,Best International Group,Huey Lewis & The News,Huey Lewis & The News,BRIT Music Awards
135,1986,Best International Solo Artist,Bruce Springsteen,Bruce Springsteen,BRIT Music Awards
136,1986,Outstanding Contribution,Elton John,Elton John,BRIT Music Awards
137,1986,Special Award,Bob Geldof,Bob Geldof,BRIT Music Awards
138,1987,Best British Album,Dire Straits,Dire Straits,BRIT Music Awards
139,1987,Best British Female,Kate Bush,Kate Bush,BRIT Music Awards
140,1987,Best British Group,Five Star,Five Star,BRIT Music Awards
141,1987,Best British Male,Peter Gabriel,Peter Gabriel,BRIT Music Awards
142,1987,Best British Newcomer,The Housemartins,The Housemartins,BRIT Music Awards
143,1987,Best British Producer,Dave Stewart,Dave Stewart,BRIT Music Awards
144,1987,Best British Single,Pet Shop Boys,Pet Shop Boys,BRIT Music Awards
145,1987,Best British Video,Peter Gabriel,Peter Gabriel,BRIT Music Awards
146,1987,Best Classical Recording,Julian Lloyd Webber,Julian Lloyd Webber,BRIT Music Awards
147,1987,Best International Group,The Bangles,The Bangles,BRIT Music Awards
148,1987,Best International Solo Artist,Paul Simon,Paul Simon,BRIT Music Awards
149,1987,Best Soundtrack/Cast Recording,Top Gun,Top Gun,BRIT Music Awards
150,1987,Outstanding Contribution,Eric Clapton,Eric Clapton,BRIT Music Awards
151,1987,Best British Album,Dire Straits,Dire Straits,BRIT Music Awards
152,1987,Best British Female,Kate Bush,Kate Bush,BRIT Music Awards
153,1987,Best British Group,Five Star,Five Star,BRIT Music Awards
154,1987,Best British Male,Peter Gabriel,Peter Gabriel,BRIT Music Awards
155,1987,Best British Newcomer,The Housemartins,The Housemartins,BRIT Music Awards
156,1987,Best British Producer,Dave Stewart,Dave Stewart,BRIT Music Awards
157,1987,Best British Single,Pet Shop Boys,Pet Shop Boys,BRIT Music Awards
158,1987,Best British Video,Peter Gabriel,Peter Gabriel,BRIT Music Awards
159,1987,Best Classical Recording,Julian Lloyd Webber,Julian Lloyd Webber,BRIT Music Awards
160,1987,Best International Group,The Bangles,The Bangles,BRIT Music Awards
161,1987,Best International Solo Artist,Paul Simon,Paul Simon,BRIT Music Awards
162,1987,Best Soundtrack/Cast Recording,Top Gun,Top Gun,BRIT Music Awards
163,1987,Outstanding Contribution,Eric Clapton,Eric Clapton,BRIT Music Awards
164,1988,Best British Album,Sting,Sting,BRIT Music Awards
165,1988,Best British Female,Alison Moyet,Alison Moyet,BRIT Music Awards
166,1988,Best British Group,Pet Shop Boys,Pet Shop Boys,BRIT Music Awards
167,1988,Best British Male,George Michael,George Michael,BRIT Music Awards
168,1988,Best British Newcomer,Wet Wet Wet,Wet Wet Wet,BRIT Music Awards
169,1988,Best British Producer,Aitkin & Waterman,Aitkin & Waterman,BRIT Music Awards
170,1988,Best British Single,Rick Astley,Rick Astley,BRIT Music Awards
171,1988,Best British Video,New Order,New Order,BRIT Music Awards
172,1988,Best Classical Recording,Vernon Handley,Vernon Handley,BRIT Music Awards
173,1988,Best International Female,Tracy Chapman,Tracy Chapman,BRIT Music Awards
174,1988,Best International Group,U2,U2,BRIT Music Awards
175,1988,Best International Newcomer,Terence Trent D'Arby,Terence Trent D'Arby,BRIT Music Awards
176,1988,Best International Solo Artist,Michael Jackson,Michael Jackson,BRIT Music Awards
177,1988,Best Soundtrack/Cast Recording,Phantom Of The Opera,Phantom Of The Opera,BRIT Music Awards
178,1988,Outstanding Contribution,The Who,The Who,BRIT Music Awards
179,1988,Best British Album,Sting,Sting,BRIT Music Awards
180,1988,Best British Female,Alison Moyet,Alison Moyet,BRIT Music Awards
181,1988,Best British Group,Pet Shop Boys,Pet Shop Boys,BRIT Music Awards
182,1988,Best British Male,George Michael,George Michael,BRIT Music Awards
183,1988,Best British Newcomer,Wet Wet Wet,Wet Wet Wet,BRIT Music Awards
184,1988,Best British Producer,Aitkin & Waterman,Aitkin & Waterman,BRIT Music Awards
185,1988,Best British Single,Rick Astley,Rick Astley,BRIT Music Awards
186,1988,Best British Video,New Order,New Order,BRIT Music Awards
187,1988,Best Classical Recording,Vernon Handley,Vernon Handley,BRIT Music Awards
188,1988,Best International Female,Tracy Chapman,Tracy Chapman,BRIT Music Awards
189,1988,Best International Group,U2,U2,BRIT Music Awards
190,1988,Best International Newcomer,Terence Trent D'Arby,Terence Trent D'Arby,BRIT Music Awards
191,1988,Best International Solo Artist,Michael Jackson,Michael Jackson,BRIT Music Awards
192,1988,Best Soundtrack/Cast Recording,Phantom Of The Opera,Phantom Of The Opera,BRIT Music Awards
193,1988,Outstanding Contribution,The Who,The Who,BRIT Music Awards
194,1989,Best British Album,Fairground Attraction,Fairground Attraction,BRIT Music Awards
195,1989,Best British Female,Annie Lennox,Annie Lennox,BRIT Music Awards
196,1989,Best British Group,Erasure,Erasure,BRIT Music Awards
197,1989,Best British Male,Phil Collins,Phil Collins,BRIT Music Awards
198,1989,Best British Newcomer,Bros,Bros,BRIT Music Awards
199,1989,Best British Single,Fairground Attraction,Fairground Attraction,BRIT Music Awards
200,1989,Best Classical Recording,Trevor Pinnock,Trevor Pinnock,BRIT Music Awards
201,1989,Best International Group,U2,U2,BRIT Music Awards
202,1989,Best International Male,Michael Jackson,Michael Jackson,BRIT Music Awards
203,1989,Best International Newcomer,Tracy Chapman,Tracy Chapman,BRIT Music Awards
204,1989,Best Music Video,Michael Jackson,Michael Jackson,BRIT Music Awards
205,1989,Best Soundtrack/Cast Recording,Buster,Buster,BRIT Music Awards
206,1989,Outstanding Contribution,Cliff Richard,Cliff Richard,BRIT Music Awards
207,1989,Best British Album,Fairground Attraction,Fairground Attraction,BRIT Music Awards
208,1989,Best British Female,Annie Lennox,Annie Lennox,BRIT Music Awards
209,1989,Best British Group,Erasure,Erasure,BRIT Music Awards
210,1989,Best British Male,Phil Collins,Phil Collins,BRIT Music Awards
211,1989,Best British Newcomer,Bros,Bros,BRIT Music Awards
212,1989,Best British Single,Fairground Attraction,Fairground Attraction,BRIT Music Awards
213,1989,Best Classical Recording,Trevor Pinnock,Trevor Pinnock,BRIT Music Awards
214,1989,Best International Group,U2,U2,BRIT Music Awards
215,1989,Best International Male,Michael Jackson,Michael Jackson,BRIT Music Awards
216,1989,Best International Newcomer,Tracy Chapman,Tracy Chapman,BRIT Music Awards
217,1989,Best Music Video,Michael Jackson,Michael Jackson,BRIT Music Awards
218,1989,Best Soundtrack/Cast Recording,Buster,Buster,BRIT Music Awards
219,1989,Outstanding Contribution,Cliff Richard,Cliff Richard,BRIT Music Awards
220,1990,Best British Album,Fine Young Cannibals,Fine Young Cannibals,BRIT Music Awards
221,1990,Best British Female,Annie Lennox,Annie Lennox,BRIT Music Awards
222,1990,Best British Group,Fine Young Cannibals,Fine Young Cannibals,BRIT Music Awards
223,1990,Best British Male,Phil Collins,Phil Collins,BRIT Music Awards
224,1990,Best British Newcomer,Lisa Stansfield,Lisa Stansfield,BRIT Music Awards
225,1990,Best British Producer,Dave Stewart,Dave Stewart,BRIT Music Awards
226,1990,Best British Single,Phil Collins,Phil Collins,BRIT Music Awards
227,1990,Best British Video,The Cure,The Cure,BRIT Music Awards
228,1990,Best Classical Recording,Simon Rattle,Simon Rattle,BRIT Music Awards
229,1990,Best International Group,U2,U2,BRIT Music Awards
230,1990,Best International Newcomer,Neneh Cherry,Neneh Cherry,BRIT Music Awards
231,1990,Best International Solo Artist,Neneh Cherry,Neneh Cherry,BRIT Music Awards
232,1990,Best Soundtrack/Cast Recording,Batman,Batman,BRIT Music Awards
233,1990,Outstanding Contribution,Queen,Queen,BRIT Music Awards
234,1990,Best British Album,Fine Young Cannibals,Fine Young Cannibals,BRIT Music Awards
235,1990,Best British Female,Annie Lennox,Annie Lennox,BRIT Music Awards
236,1990,Best British Group,Fine Young Cannibals,Fine Young Cannibals,BRIT Music Awards
237,1990,Best British Male,Phil Collins,Phil Collins,BRIT Music Awards
238,1990,Best British Newcomer,Lisa Stansfield,Lisa Stansfield,BRIT Music Awards
239,1990,Best British Producer,Dave Stewart,Dave Stewart,BRIT Music Awards
240,1990,Best British Single,Phil Collins,Phil Collins,BRIT Music Awards
241,1990,Best British Video,The Cure,The Cure,BRIT Music Awards
242,1990,Best Classical Recording,Simon Rattle,Simon Rattle,BRIT Music Awards
243,1990,Best International Group,U2,U2,BRIT Music Awards
244,1990,Best International Newcomer,Neneh Cherry,Neneh Cherry,BRIT Music Awards
245,1990,Best International Solo Artist,Neneh Cherry,Neneh Cherry,BRIT Music Awards
246,1990,Best Soundtrack/Cast Recording,Batman,Batman,BRIT Music Awards
247,1990,Outstanding Contribution,Queen,Queen,BRIT Music Awards
248,1991,Best British Album,George Michael,George Michael,BRIT Music Awards
249,1991,Best British Female,Lisa Stansfield,Lisa Stansfield,BRIT Music Awards
250,1991,Best British Group,The Cure,The Cure,BRIT Music Awards
251,1991,Best British Male,Elton John,Elton John,BRIT Music Awards
252,1991,Best British Newcomer,Betty Boo,Betty Boo,BRIT Music Awards
253,1991,Best British Producer,Chris Thomas,Chris Thomas,BRIT Music Awards
254,1991,Best British Single,Depeche Mode,Depeche Mode,BRIT Music Awards
255,1991,Best British Video,The Beautiful South,The Beautiful South,BRIT Music Awards
256,1991,Best Classical Recording,Sir George Solti,Sir George Solti,BRIT Music Awards
257,1991,Best International Female,Sinead O'Connor,Sinead O'Connor,BRIT Music Awards
258,1991,Best International Group,INXS,INXS,BRIT Music Awards
259,1991,Best International Male,Michael Hutchence,Michael Hutchence,BRIT Music Awards
260,1991,Best International Newcomer,MC Hammer,MC Hammer,BRIT Music Awards
261,1991,Best Soundtrack/Cast Recording,Twin Peaks,Twin Peaks,BRIT Music Awards
262,1991,Outstanding Contribution,Status Quo,Status Quo,BRIT Music Awards
263,1991,Best British Album,George Michael,George Michael,BRIT Music Awards
264,1991,Best British Female,Lisa Stansfield,Lisa Stansfield,BRIT Music Awards
265,1991,Best British Group,The Cure,The Cure,BRIT Music Awards
266,1991,Best British Male,Elton John,Elton John,BRIT Music Awards
267,1991,Best British Newcomer,Betty Boo,Betty Boo,BRIT Music Awards
268,1991,Best British Producer,Chris Thomas,Chris Thomas,BRIT Music Awards
269,1991,Best British Single,Depeche Mode,Depeche Mode,BRIT Music Awards
270,1991,Best British Video,The Beautiful South,The Beautiful South,BRIT Music Awards
271,1991,Best Classical Recording,Sir George Solti,Sir George Solti,BRIT Music Awards
272,1991,Best International Female,Sinead O'Connor,Sinead O'Connor,BRIT Music Awards
273,1991,Best International Group,INXS,INXS,BRIT Music Awards
274,1991,Best International Male,Michael Hutchence,Michael Hutchence,BRIT Music Awards
275,1991,Best International Newcomer,MC Hammer,MC Hammer,BRIT Music Awards
276,1991,Best Soundtrack/Cast Recording,Twin Peaks,Twin Peaks,BRIT Music Awards
277,1991,Outstanding Contribution,Status Quo,Status Quo,BRIT Music Awards
278,1992,Best British Album,Seal,Seal,BRIT Music Awards
279,1992,Best British Female,Lisa Stansfield,Lisa Stansfield,BRIT Music Awards
280,1992,Best British Group,Simply Red and The KLF,Simply Red and The KLF,BRIT Music Awards
281,1992,Best British Male,Seal,Seal,BRIT Music Awards
282,1992,Best British Newcomer,Beverley Craven,Beverley Craven,BRIT Music Awards
283,1992,Best British Producer,Trevor Horn,Trevor Horn,BRIT Music Awards
284,1992,Best British Single,Queen,Queen,BRIT Music Awards
285,1992,Best British Video,Seal,Seal,BRIT Music Awards
286,1992,Best International Group,REM,REM,BRIT Music Awards
287,1992,Best International Newcomer,PM Dawn,PM Dawn,BRIT Music Awards
288,1992,Best International Solo Artist,Prince,Prince,BRIT Music Awards
289,1992,Best Soundtrack/Cast Recording,The Commitments,The Commitments,BRIT Music Awards
290,1992,Outstanding Contribution,Freddie Mercury,Freddie Mercury,BRIT Music Awards
291,1992,Best British Album,Seal,Seal,BRIT Music Awards
292,1992,Best British Female,Lisa Stansfield,Lisa Stansfield,BRIT Music Awards
293,1992,Best British Group,Simply Red and The KLF,Simply Red and The KLF,BRIT Music Awards
294,1992,Best British Male,Seal,Seal,BRIT Music Awards
295,1992,Best British Newcomer,Beverley Craven,Beverley Craven,BRIT Music Awards
296,1992,Best British Producer,Trevor Horn,Trevor Horn,BRIT Music Awards
297,1992,Best British Single,Queen,Queen,BRIT Music Awards
298,1992,Best British Video,Seal,Seal,BRIT Music Awards
299,1992,Best International Group,REM,REM,BRIT Music Awards
300,1992,Best International Newcomer,PM Dawn,PM Dawn,BRIT Music Awards
301,1992,Best International Solo Artist,Prince,Prince,BRIT Music Awards
302,1992,Best Soundtrack/Cast Recording,The Commitments,The Commitments,BRIT Music Awards
303,1992,Outstanding Contribution,Freddie Mercury,Freddie Mercury,BRIT Music Awards
304,1993,Best British Album,Annie Lennox,Annie Lennox,BRIT Music Awards
305,1993,Best British Female,Annie Lennox,Annie Lennox,BRIT Music Awards
306,1993,Best British Group,Simply Red,Simply Red,BRIT Music Awards
307,1993,Best British Male,Mick Hucknall,Mick Hucknall,BRIT Music Awards
308,1993,Best British Newcomer,Tasmin Archer,Tasmin Archer,BRIT Music Awards
309,1993,Best British Producer,Peter Gabriel,Peter Gabriel,BRIT Music Awards
310,1993,Best British Single,Take That,Take That,BRIT Music Awards
311,1993,Best British Video,Shakespears Sister,Shakespears Sister,BRIT Music Awards
312,1993,Best Classical Recording,Nigel Kennedy,Nigel Kennedy,BRIT Music Awards
313,1993,Best International Group,REM,REM,BRIT Music Awards
314,1993,Best International Newcomer,Nirvana,Nirvana,BRIT Music Awards
315,1993,Best International Solo Artist,Prince,Prince,BRIT Music Awards
316,1993,Best Live Act,U2,U2,BRIT Music Awards
317,1993,Best Soundtrack/Cast Recording,Wayne's World,Wayne's World,BRIT Music Awards
318,1993,Outstanding Contribution,Rod Stewart,Rod Stewart,BRIT Music Awards
319,1993,Best British Album,Annie Lennox,Annie Lennox,BRIT Music Awards
320,1993,Best British Female,Annie Lennox,Annie Lennox,BRIT Music Awards
321,1993,Best British Group,Simply Red,Simply Red,BRIT Music Awards
322,1993,Best British Male,Mick Hucknall,Mick Hucknall,BRIT Music Awards
323,1993,Best British Newcomer,Tasmin Archer,Tasmin Archer,BRIT Music Awards
324,1993,Best British Producer,Peter Gabriel,Peter Gabriel,BRIT Music Awards
325,1993,Best British Single,Take That,Take That,BRIT Music Awards
326,1993,Best British Video,Shakespears Sister,Shakespears Sister,BRIT Music Awards
327,1993,Best Classical Recording,Nigel Kennedy,Nigel Kennedy,BRIT Music Awards
328,1993,Best International Group,REM,REM,BRIT Music Awards
329,1993,Best International Newcomer,Nirvana,Nirvana,BRIT Music Awards
330,1993,Best International Solo Artist,Prince,Prince,BRIT Music Awards
331,1993,Best Live Act,U2,U2,BRIT Music Awards
332,1993,Best Soundtrack/Cast Recording,Wayne's World,Wayne's World,BRIT Music Awards
333,1993,Outstanding Contribution,Rod Stewart,Rod Stewart,BRIT Music Awards
334,1994,Best British Album,Stereo MCs,Stereo MCs,BRIT Music Awards
335,1994,Best British Dance Act,M People,M People,BRIT Music Awards
336,1994,Best British Female,Dina Carroll,Dina Carroll,BRIT Music Awards
337,1994,Best British Group,Stereo MCs,Stereo MCs,BRIT Music Awards
338,1994,Best British Male,Sting,Sting,BRIT Music Awards
339,1994,Best British Newcomer,Gabrielle,Gabrielle,BRIT Music Awards
340,1994,Best British Producer,Brian Eno,Brian Eno,BRIT Music Awards
341,1994,Best British Single,Take That,Take That,BRIT Music Awards
342,1994,Best British Video,Take That,Take That,BRIT Music Awards
343,1994,Best International Female,Bjork,Bjork,BRIT Music Awards
344,1994,Best International Group,Crowded House,Crowded House,BRIT Music Awards
345,1994,Best International Male,Lenny Kravitz,Lenny Kravitz,BRIT Music Awards
346,1994,Best International Newcomer,Bjork,Bjork,BRIT Music Awards
347,1994,Best Soundtrack/Cast Recording,The Bodyguard,The Bodyguard,BRIT Music Awards
348,1994,Outstanding Contribution,Van Morrison,Van Morrison,BRIT Music Awards
349,1994,Best British Album,Stereo MCs,Stereo MCs,BRIT Music Awards
350,1994,Best British Dance Act,M People,M People,BRIT Music Awards
351,1994,Best British Female,Dina Carroll,Dina Carroll,BRIT Music Awards
352,1994,Best British Group,Stereo MCs,Stereo MCs,BRIT Music Awards
353,1994,Best British Male,Sting,Sting,BRIT Music Awards
354,1994,Best British Newcomer,Gabrielle,Gabrielle,BRIT Music Awards
355,1994,Best British Producer,Brian Eno,Brian Eno,BRIT Music Awards
356,1994,Best British Single,Take That,Take That,BRIT Music Awards
357,1994,Best British Video,Take That,Take That,BRIT Music Awards
358,1994,Best International Female,Bjork,Bjork,BRIT Music Awards
359,1994,Best International Group,Crowded House,Crowded House,BRIT Music Awards
360,1994,Best International Male,Lenny Kravitz,Lenny Kravitz,BRIT Music Awards
361,1994,Best International Newcomer,Bjork,Bjork,BRIT Music Awards
362,1994,Best Soundtrack/Cast Recording,The Bodyguard,The Bodyguard,BRIT Music Awards
363,1994,Outstanding Contribution,Van Morrison,Van Morrison,BRIT Music Awards
364,1995,Best British Album,Blur,Blur,BRIT Music Awards
365,1995,Best British Dance Act,M People,M People,BRIT Music Awards
366,1995,Best British Female,Eddie Reader,Eddie Reader,BRIT Music Awards
367,1995,Best British Group,Blur,Blur,BRIT Music Awards
368,1995,Best British Male,Paul Weller,Paul Weller,BRIT Music Awards
369,1995,Best British Newcomer,Oasis,Oasis,BRIT Music Awards
370,1995,Best British Producer,Nellee Hooper,Nellee Hooper,BRIT Music Awards
371,1995,Best British Single,Blur,Blur,BRIT Music Awards
372,1995,Best British Video,Blur,Blur,BRIT Music Awards
373,1995,Best International Female,k.d. lang,k.d. lang,BRIT Music Awards
374,1995,Best International Group,REM,REM,BRIT Music Awards
375,1995,Best International Male,Prince,Prince,BRIT Music Awards
376,1995,Best International Newcomer,Lisa Loeb,Lisa Loeb,BRIT Music Awards
377,1995,Best Soundtrack/Cast Recording,Pulp Ficton,Pulp Ficton,BRIT Music Awards
378,1995,Outstanding Contribution,Elton John,Elton John,BRIT Music Awards
379,1995,Best British Album,Blur,Blur,BRIT Music Awards
380,1995,Best British Dance Act,M People,M People,BRIT Music Awards
381,1995,Best British Female,Eddie Reader,Eddie Reader,BRIT Music Awards
382,1995,Best British Group,Blur,Blur,BRIT Music Awards
383,1995,Best British Male,Paul Weller,Paul Weller,BRIT Music Awards
384,1995,Best British Newcomer,Oasis,Oasis,BRIT Music Awards
385,1995,Best British Producer,Nellee Hooper,Nellee Hooper,BRIT Music Awards
386,1995,Best British Single,Blur,Blur,BRIT Music Awards
387,1995,Best British Video,Blur,Blur,BRIT Music Awards
388,1995,Best International Female,k.d. lang,k.d. lang,BRIT Music Awards
389,1995,Best International Group,REM,REM,BRIT Music Awards
390,1995,Best International Male,Prince,Prince,BRIT Music Awards
391,1995,Best International Newcomer,Lisa Loeb,Lisa Loeb,BRIT Music Awards
392,1995,Best Soundtrack/Cast Recording,Pulp Ficton,Pulp Ficton,BRIT Music Awards
393,1995,Outstanding Contribution,Elton John,Elton John,BRIT Music Awards
394,1996,Artist Of A Generation,Michael Jackson,Michael Jackson,BRIT Music Awards
395,1996,Best British Album,Oasis,Oasis,BRIT Music Awards
396,1996,Best British Dance Act,Massive Attack,Massive Attack,BRIT Music Awards
397,1996,Best British Female,Annie Lennox,Annie Lennox,BRIT Music Awards
398,1996,Best British Group,Oasis,Oasis,BRIT Music Awards
399,1996,Best British Male,Paul Weller,Paul Weller,BRIT Music Awards
400,1996,Best British Newcomer,Supergrass,Supergrass,BRIT Music Awards
401,1996,Best British Producer,Brian Eno,Brian Eno,BRIT Music Awards
402,1996,Best British Single,Take That,Take That,BRIT Music Awards
403,1996,Best British Video,Oasis,Oasis,BRIT Music Awards
404,1996,Best International Female,Bjork,Bjork,BRIT Music Awards
405,1996,Best International Group,Bon Jovi,Bon Jovi,BRIT Music Awards
406,1996,Best International Male,Prince,Prince,BRIT Music Awards
407,1996,Best International Newcomer,Alanis Morrisette,Alanis Morrisette,BRIT Music Awards
408,1996,Best Soundtrack/Cast Recording,Batman Forever,Batman Forever,BRIT Music Awards
409,1996,Outstanding Contribution,David Bowie,David Bowie,BRIT Music Awards
410,1996,The Freddie Mercury Award,The Help Album For The Charity War Child,The Help Album For The Charity War Child,BRIT Music Awards
411,1996,Artist Of A Generation,Michael Jackson,Michael Jackson,BRIT Music Awards
412,1996,Best British Album,Oasis,Oasis,BRIT Music Awards
413,1996,Best British Dance Act,Massive Attack,Massive Attack,BRIT Music Awards
414,1996,Best British Female,Annie Lennox,Annie Lennox,BRIT Music Awards
415,1996,Best British Group,Oasis,Oasis,BRIT Music Awards
416,1996,Best British Male,Paul Weller,Paul Weller,BRIT Music Awards
417,1996,Best British Newcomer,Supergrass,Supergrass,BRIT Music Awards
418,1996,Best British Producer,Brian Eno,Brian Eno,BRIT Music Awards
419,1996,Best British Single,Take That,Take That,BRIT Music Awards
420,1996,Best British Video,Oasis,Oasis,BRIT Music Awards
421,1996,Best International Female,Bjork,Bjork,BRIT Music Awards
422,1996,Best International Group,Bon Jovi,Bon Jovi,BRIT Music Awards
423,1996,Best International Male,Prince,Prince,BRIT Music Awards
424,1996,Best International Newcomer,Alanis Morrisette,Alanis Morrisette,BRIT Music Awards
425,1996,Best Soundtrack/Cast Recording,Batman Forever,Batman Forever,BRIT Music Awards
426,1996,Outstanding Contribution,David Bowie,David Bowie,BRIT Music Awards
427,1996,The Freddie Mercury Award,The Help Album For The Charity War Child,The Help Album For The Charity War Child,BRIT Music Awards
428,1997,Best British Album,Manic Street Preachers,Manic Street Preachers,BRIT Music Awards
429,1997,Best British Dance Act,Prodigy,Prodigy,BRIT Music Awards
430,1997,Best British Female,Gabrielle,Gabrielle,BRIT Music Awards
431,1997,Best British Group,Manic Street Preachers,Manic Street Preachers,BRIT Music Awards
432,1997,Best British Male,George Michael,George Michael,BRIT Music Awards
433,1997,Best British Newcomer,Kula Shaker,Kula Shaker,BRIT Music Awards
434,1997,Best British Producer,John Leckie,John Leckie,BRIT Music Awards
435,1997,Best British Single,Spice Girls,Spice Girls,BRIT Music Awards
436,1997,Best British Video,Spice Girls,Spice Girls,BRIT Music Awards
437,1997,Best International Female,Sheryl Crow,Sheryl Crow,BRIT Music Awards
438,1997,Best International Group,Fugees,Fugees,BRIT Music Awards
439,1997,Best International Male,Beck,Beck,BRIT Music Awards
440,1997,Best International Newcomer,Robert Miles,Robert Miles,BRIT Music Awards
441,1997,Best Soundtrack/Cast Recording,Trainspotting,Trainspotting,BRIT Music Awards
442,1997,Outstanding Contribution,Bee Gees,Bee Gees,BRIT Music Awards
443,1997,Best British Album,Manic Street Preachers,Manic Street Preachers,BRIT Music Awards
444,1997,Best British Dance Act,Prodigy,Prodigy,BRIT Music Awards
445,1997,Best British Female,Gabrielle,Gabrielle,BRIT Music Awards
446,1997,Best British Group,Manic Street Preachers,Manic Street Preachers,BRIT Music Awards
447,1997,Best British Male,George Michael,George Michael,BRIT Music Awards
448,1997,Best British Newcomer,Kula Shaker,Kula Shaker,BRIT Music Awards
449,1997,Best British Producer,John Leckie,John Leckie,BRIT Music Awards
450,1997,Best British Single,Spice Girls,Spice Girls,BRIT Music Awards
451,1997,Best British Video,Spice Girls,Spice Girls,BRIT Music Awards
452,1997,Best International Female,Sheryl Crow,Sheryl Crow,BRIT Music Awards
453,1997,Best International Group,Fugees,Fugees,BRIT Music Awards
454,1997,Best International Male,Beck,Beck,BRIT Music Awards
455,1997,Best International Newcomer,Robert Miles,Robert Miles,BRIT Music Awards
456,1997,Best Soundtrack/Cast Recording,Trainspotting,Trainspotting,BRIT Music Awards
457,1997,Outstanding Contribution,Bee Gees,Bee Gees,BRIT Music Awards
458,1998,Best British Album,The Verve,The Verve,BRIT Music Awards
459,1998,Best British Dance Act,Prodigy,Prodigy,BRIT Music Awards
460,1998,Best British Female,Shola Ama,Shola Ama,BRIT Music Awards
461,1998,Best British Group,The Verve,The Verve,BRIT Music Awards
462,1998,Best British Male,Finley Quaye,Finley Quaye,BRIT Music Awards
463,1998,Best British Newcomer,Stereophonics,Stereophonics,BRIT Music Awards
464,1998,Best British Single,All Saints,All Saints,BRIT Music Awards
465,1998,Best British Video,All Saints,All Saints,BRIT Music Awards
466,1998,Best International Female,Bjork,Bjork,BRIT Music Awards
467,1998,Best International Group,U2,U2,BRIT Music Awards
468,1998,Best International Male,Jon Bon Jovi,Jon Bon Jovi,BRIT Music Awards
469,1998,Best International Newcomer,eels,eels,BRIT Music Awards
470,1998,Best Selling British Album Act,Spice Girls,Spice Girls,BRIT Music Awards
471,1998,Best Soundtrack/Cast Recording,The Full Monty,The Full Monty,BRIT Music Awards
472,1998,Outstanding Contribution,Fleetwood Mac,Fleetwood Mac,BRIT Music Awards
473,1998,The Freddie Mercury Award,Elton John,Elton John,BRIT Music Awards
474,1998,Best British Album,The Verve,The Verve,BRIT Music Awards
475,1998,Best British Dance Act,Prodigy,Prodigy,BRIT Music Awards
476,1998,Best British Female,Shola Ama,Shola Ama,BRIT Music Awards
477,1998,Best British Group,The Verve,The Verve,BRIT Music Awards
478,1998,Best British Male,Finley Quaye,Finley Quaye,BRIT Music Awards
479,1998,Best British Newcomer,Stereophonics,Stereophonics,BRIT Music Awards
480,1998,Best British Single,All Saints,All Saints,BRIT Music Awards
481,1998,Best British Video,All Saints,All Saints,BRIT Music Awards
482,1998,Best International Female,Bjork,Bjork,BRIT Music Awards
483,1998,Best International Group,U2,U2,BRIT Music Awards
484,1998,Best International Male,Jon Bon Jovi,Jon Bon Jovi,BRIT Music Awards
485,1998,Best International Newcomer,eels,eels,BRIT Music Awards
486,1998,Best Selling British Album Act,Spice Girls,Spice Girls,BRIT Music Awards
487,1998,Best Soundtrack/Cast Recording,The Full Monty,The Full Monty,BRIT Music Awards
488,1998,Outstanding Contribution,Fleetwood Mac,Fleetwood Mac,BRIT Music Awards
489,1998,The Freddie Mercury Award,Elton John,Elton John,BRIT Music Awards
490,1999,Best British Album,Manic Street Preachers,Manic Street Preachers,BRIT Music Awards
491,1999,Best British Dance Act,Fatboy Slim,Fatboy Slim,BRIT Music Awards
492,1999,Best British Female,Des'ree,Des'ree,BRIT Music Awards
493,1999,Best British Group,Manic Street Preachers,Manic Street Preachers,BRIT Music Awards
494,1999,Best British Male,Robbie Williams,Robbie Williams,BRIT Music Awards
495,1999,Best British Newcomer,Belle & Sebastian,Belle & Sebastian,BRIT Music Awards
496,1999,Best British Single,Robbie Williams,Robbie Williams,BRIT Music Awards
497,1999,Best British Video,Robbie Williams,Robbie Williams,BRIT Music Awards
498,1999,Best International Female,Natalie Imbruglia,Natalie Imbruglia,BRIT Music Awards
499,1999,Best International Group,Corrs,Corrs,BRIT Music Awards
500,1999,Best International Male,Beck,Beck,BRIT Music Awards
501,1999,Best International Newcomer,Natalie Inbruglia,Natalie Inbruglia,BRIT Music Awards
502,1999,Best Soundtrack/Cast Recording,Titanic,Titanic,BRIT Music Awards
503,1999,Outstanding Contribution,Eurythmics,Eurythmics,BRIT Music Awards
504,1999,The Freddie Mercury Award,Jubilee 2000,Jubilee 2000,BRIT Music Awards
505,1999,Best British Album,Manic Street Preachers,Manic Street Preachers,BRIT Music Awards
506,1999,Best British Dance Act,Fatboy Slim,Fatboy Slim,BRIT Music Awards
507,1999,Best British Female,Des'ree,Des'ree,BRIT Music Awards
508,1999,Best British Group,Manic Street Preachers,Manic Street Preachers,BRIT Music Awards
509,1999,Best British Male,Robbie Williams,Robbie Williams,BRIT Music Awards
510,1999,Best British Newcomer,Belle & Sebastian,Belle & Sebastian,BRIT Music Awards
511,1999,Best British Single,Robbie Williams,Robbie Williams,BRIT Music Awards
512,1999,Best British Video,Robbie Williams,Robbie Williams,BRIT Music Awards
513,1999,Best International Female,Natalie Imbruglia,Natalie Imbruglia,BRIT Music Awards
514,1999,Best International Group,Corrs,Corrs,BRIT Music Awards
515,1999,Best International Male,Beck,Beck,BRIT Music Awards
516,1999,Best International Newcomer,Natalie Inbruglia,Natalie Inbruglia,BRIT Music Awards
517,1999,Best Soundtrack/Cast Recording,Titanic,Titanic,BRIT Music Awards
518,1999,Outstanding Contribution,Eurythmics,Eurythmics,BRIT Music Awards
519,1999,The Freddie Mercury Award,Jubilee 2000,Jubilee 2000,BRIT Music Awards
520,2000,Best British Album,Travis,Travis,BRIT Music Awards
521,2000,Best British Dance Act,Chemical Brothers,Chemical Brothers,BRIT Music Awards
522,2000,Best British Female,Beth Orton,Beth Orton,BRIT Music Awards
523,2000,Best British Group,Travis,Travis,BRIT Music Awards
524,2000,Best British Male,Tom Jones,Tom Jones,BRIT Music Awards
525,2000,Best British Newcomer,S Club 7,S Club 7,BRIT Music Awards
526,2000,Best British Pop Act,Five,Five,BRIT Music Awards
527,2000,Best British Single,Robbie Williams,Robbie Williams,BRIT Music Awards
528,2000,Best British Video,Robbie Williams,Robbie Williams,BRIT Music Awards
529,2000,Best International Female,Macy Gray,Macy Gray,BRIT Music Awards
530,2000,Best International Group,TLC,TLC,BRIT Music Awards
531,2000,Best International Male,Beck,Beck,BRIT Music Awards
532,2000,Best International Newcomer,Macy Gray,Macy Gray,BRIT Music Awards
533,2000,Best Live Act,Steps,Steps,BRIT Music Awards
534,2000,Best Soundtrack/Cast Recording,Notting Hill,Notting Hill,BRIT Music Awards
535,2000,Outstanding Contribution,Spice Girls,Spice Girls,BRIT Music Awards
536,2000,Best British Album,Travis,Travis,BRIT Music Awards
537,2000,Best British Dance Act,Chemical Brothers,Chemical Brothers,BRIT Music Awards
538,2000,Best British Female,Beth Orton,Beth Orton,BRIT Music Awards
539,2000,Best British Group,Travis,Travis,BRIT Music Awards
540,2000,Best British Male,Tom Jones,Tom Jones,BRIT Music Awards
541,2000,Best British Newcomer,S Club 7,S Club 7,BRIT Music Awards
542,2000,Best British Pop Act,Five,Five,BRIT Music Awards
543,2000,Best British Single,Robbie Williams,Robbie Williams,BRIT Music Awards
544,2000,Best British Video,Robbie Williams,Robbie Williams,BRIT Music Awards
545,2000,Best International Female,Macy Gray,Macy Gray,BRIT Music Awards
546,2000,Best International Group,TLC,TLC,BRIT Music Awards
547,2000,Best International Male,Beck,Beck,BRIT Music Awards
548,2000,Best International Newcomer,Macy Gray,Macy Gray,BRIT Music Awards
549,2000,Best Live Act,Steps,Steps,BRIT Music Awards
550,2000,Best Soundtrack/Cast Recording,Notting Hill,Notting Hill,BRIT Music Awards
551,2000,Outstanding Contribution,Spice Girls,Spice Girls,BRIT Music Awards
552,2001,Best British Album,Coldplay,Coldplay,BRIT Music Awards
553,2001,Best British Dance Act,Fatboy Slim,Fatboy Slim,BRIT Music Awards
554,2001,Best British Female,Sonique,Sonique,BRIT Music Awards
555,2001,Best British Group,Coldplay,Coldplay,BRIT Music Awards
556,2001,Best British Male,Robbie Williams,Robbie Williams,BRIT Music Awards
557,2001,Best British Newcomer,A1,A1,BRIT Music Awards
558,2001,Best British Single,Robbie Williams,Robbie Williams,BRIT Music Awards
559,2001,Best British Video,Robbie Williams,Robbie Williams,BRIT Music Awards
560,2001,Best International Female,Madonna,Madonna,BRIT Music Awards
561,2001,Best International Group,U2,U2,BRIT Music Awards
562,2001,Best International Male,Eminem,Eminem,BRIT Music Awards
563,2001,Best International Newcomer,Kelis,Kelis,BRIT Music Awards
564,2001,Best Pop Act,Westlife,Westlife,BRIT Music Awards
565,2001,Best Soundtrack/Cast Recording,American Beauty,American Beauty,BRIT Music Awards
566,2001,Outstanding Contribution,U2,U2,BRIT Music Awards
567,2001,Best British Album,Coldplay,Coldplay,BRIT Music Awards
568,2001,Best British Dance Act,Fatboy Slim,Fatboy Slim,BRIT Music Awards
569,2001,Best British Female,Sonique,Sonique,BRIT Music Awards
570,2001,Best British Group,Coldplay,Coldplay,BRIT Music Awards
571,2001,Best British Male,Robbie Williams,Robbie Williams,BRIT Music Awards
572,2001,Best British Newcomer,A1,A1,BRIT Music Awards
573,2001,Best British Single,Robbie Williams,Robbie Williams,BRIT Music Awards
574,2001,Best British Video,Robbie Williams,Robbie Williams,BRIT Music Awards
575,2001,Best International Female,Madonna,Madonna,BRIT Music Awards
576,2001,Best International Group,U2,U2,BRIT Music Awards
577,2001,Best International Male,Eminem,Eminem,BRIT Music Awards
578,2001,Best International Newcomer,Kelis,Kelis,BRIT Music Awards
579,2001,Best Pop Act,Westlife,Westlife,BRIT Music Awards
580,2001,Best Soundtrack/Cast Recording,American Beauty,American Beauty,BRIT Music Awards
581,2001,Outstanding Contribution,U2,U2,BRIT Music Awards
582,2002,Best British Album,Dido,Dido,BRIT Music Awards
583,2002,Best British Dance Act,Basement Jaxx,Basement Jaxx,BRIT Music Awards
584,2002,Best British Female,Dido,Dido,BRIT Music Awards
585,2002,Best British Group,Travis,Travis,BRIT Music Awards
586,2002,Best British Male,Robbie Williams,Robbie Williams,BRIT Music Awards
587,2002,Best British Newcomer,Blue,Blue,BRIT Music Awards
588,2002,Best British Single,S Club 7,S Club 7,BRIT Music Awards
589,2002,Best British Video,So Solid Crew,So Solid Crew,BRIT Music Awards
590,2002,Best International Album,Kylie Minogue,Kylie Minogue,BRIT Music Awards
591,2002,Best International Female,Kylie Minogue,Kylie Minogue,BRIT Music Awards
592,2002,Best International Group,Destiny's Child,Destiny's Child,BRIT Music Awards
593,2002,Best International Male,Shaggy,Shaggy,BRIT Music Awards
594,2002,Best International Newcomer,The Strokes,The Strokes,BRIT Music Awards
595,2002,Best Pop Act,Westlife,Westlife,BRIT Music Awards
596,2002,Outstanding Contribution,Sting,Sting,BRIT Music Awards
597,2002,Best British Album,Dido,Dido,BRIT Music Awards
598,2002,Best British Dance Act,Basement Jaxx,Basement Jaxx,BRIT Music Awards
599,2002,Best British Female,Dido,Dido,BRIT Music Awards
600,2002,Best British Group,Travis,Travis,BRIT Music Awards
601,2002,Best British Male,Robbie Williams,Robbie Williams,BRIT Music Awards
602,2002,Best British Newcomer,Blue,Blue,BRIT Music Awards
603,2002,Best British Single,S Club 7,S Club 7,BRIT Music Awards
604,2002,Best British Video,So Solid Crew,So Solid Crew,BRIT Music Awards
605,2002,Best International Album,Kylie Minogue,Kylie Minogue,BRIT Music Awards
606,2002,Best International Female,Kylie Minogue,Kylie Minogue,BRIT Music Awards
607,2002,Best International Group,Destiny's Child,Destiny's Child,BRIT Music Awards
608,2002,Best International Male,Shaggy,Shaggy,BRIT Music Awards
609,2002,Best International Newcomer,The Strokes,The Strokes,BRIT Music Awards
610,2002,Best Pop Act,Westlife,Westlife,BRIT Music Awards
611,2002,Outstanding Contribution,Sting,Sting,BRIT Music Awards
612,2003,Best British Album,Coldplay,Coldplay,BRIT Music Awards
613,2003,Best British Dance Act,Sugababes,Sugababes,BRIT Music Awards
614,2003,Best British Female,Ms Dynamite,Ms Dynamite,BRIT Music Awards
615,2003,Best British Group,Coldplay,Coldplay,BRIT Music Awards
616,2003,Best British Male,Robbie Williams,Robbie Williams,BRIT Music Awards
617,2003,Best British Single,Liberty X,Liberty X,BRIT Music Awards
618,2003,Best International Album,Eminem,Eminem,BRIT Music Awards
619,2003,Best International Breakthrough Act,Norah Jones,Norah Jones,BRIT Music Awards
620,2003,Best International Female,Pink,Pink,BRIT Music Awards
621,2003,Best International Group,Red Hot Chili Peppers,Red Hot Chili Peppers,BRIT Music Awards
622,2003,Best International Male,Eminem,Eminem,BRIT Music Awards
623,2003,Best Pop Act,Blue,Blue,BRIT Music Awards
624,2003,British Breakthrough Artist,Will Young,Will Young,BRIT Music Awards
625,2003,British Urban Act,Ms Dynamite,Ms Dynamite,BRIT Music Awards
626,2003,International Breakthrough Artist,Nora Jones,Nora Jones,BRIT Music Awards
627,2003,Outstanding Contribution,Tom Jones,Tom Jones,BRIT Music Awards
628,2003,Best British Album,Coldplay,Coldplay,BRIT Music Awards
629,2003,Best British Dance Act,Sugababes,Sugababes,BRIT Music Awards
630,2003,Best British Female,Ms Dynamite,Ms Dynamite,BRIT Music Awards
631,2003,Best British Group,Coldplay,Coldplay,BRIT Music Awards
632,2003,Best British Male,Robbie Williams,Robbie Williams,BRIT Music Awards
633,2003,Best British Single,Liberty X,Liberty X,BRIT Music Awards
634,2003,Best International Album,Eminem,Eminem,BRIT Music Awards
635,2003,Best International Breakthrough Act,Norah Jones,Norah Jones,BRIT Music Awards
636,2003,Best International Female,Pink,Pink,BRIT Music Awards
637,2003,Best International Group,Red Hot Chili Peppers,Red Hot Chili Peppers,BRIT Music Awards
638,2003,Best International Male,Eminem,Eminem,BRIT Music Awards
639,2003,Best Pop Act,Blue,Blue,BRIT Music Awards
640,2003,British Breakthrough Artist,Will Young,Will Young,BRIT Music Awards
641,2003,British Urban Act,Ms Dynamite,Ms Dynamite,BRIT Music Awards
642,2003,International Breakthrough Artist,Nora Jones,Nora Jones,BRIT Music Awards
643,2003,Outstanding Contribution,Tom Jones,Tom Jones,BRIT Music Awards
644,2004,Best British Dance Act,Basement Jaxx,Basement Jaxx,BRIT Music Awards
645,2004,Best British Female,Dido,Dido,BRIT Music Awards
646,2004,Best British Group,The Darkness,The Darkness,BRIT Music Awards
647,2004,Best British Male,Daniel Bedingfield,Daniel Bedingfield,BRIT Music Awards
648,2004,Best British Single,Dido,Dido,BRIT Music Awards
649,2004,Best International Album,Justin Timberlake,Justin Timberlake,BRIT Music Awards
650,2004,Best International Female,Beyonce,Beyonce,BRIT Music Awards
651,2004,Best International Group,The White Stripes,The White Stripes,BRIT Music Awards
652,2004,Best International Male,Justin Timberlake,Justin Timberlake,BRIT Music Awards
653,2004,Best Pop Act,Busted,Busted,BRIT Music Awards
654,2004,British Breakthrough Artist,Busted,Busted,BRIT Music Awards
655,2004,British Rock Act,The Darkness,The Darkness,BRIT Music Awards
656,2004,British Urban Act,Lemar,Lemar,BRIT Music Awards
657,2004,International Breakthrough Artist,50 Cent,50 Cent,BRIT Music Awards
658,2004,MasterCard British Album,The Darkness,The Darkness,BRIT Music Awards
659,2004,Outstanding Contribution,Duran Duran,Duran Duran,BRIT Music Awards
660,2004,Best British Dance Act,Basement Jaxx,Basement Jaxx,BRIT Music Awards
661,2004,Best British Female,Dido,Dido,BRIT Music Awards
662,2004,Best British Group,The Darkness,The Darkness,BRIT Music Awards
663,2004,Best British Male,Daniel Bedingfield,Daniel Bedingfield,BRIT Music Awards
664,2004,Best British Single,Dido,Dido,BRIT Music Awards
665,2004,Best International Album,Justin Timberlake,Justin Timberlake,BRIT Music Awards
666,2004,Best International Female,Beyonce,Beyonce,BRIT Music Awards
667,2004,Best International Group,The White Stripes,The White Stripes,BRIT Music Awards
668,2004,Best International Male,Justin Timberlake,Justin Timberlake,BRIT Music Awards
669,2004,Best Pop Act,Busted,Busted,BRIT Music Awards
670,2004,British Breakthrough Artist,Busted,Busted,BRIT Music Awards
671,2004,British Rock Act,The Darkness,The Darkness,BRIT Music Awards
672,2004,British Urban Act,Lemar,Lemar,BRIT Music Awards
673,2004,International Breakthrough Artist,50 Cent,50 Cent,BRIT Music Awards
674,2004,MasterCard British Album,The Darkness,The Darkness,BRIT Music Awards
675,2004,Outstanding Contribution,Duran Duran,Duran Duran,BRIT Music Awards
676,2005,British Breakthrough Artist,Keane,Keane,BRIT Music Awards
677,2005,British Female Solo Artist,Joss Stone,Joss Stone,BRIT Music Awards
678,2005,British Group,Franz Ferdinand,Franz Ferdinand,BRIT Music Awards
679,2005,British Live Act,Muse,Muse,BRIT Music Awards
680,2005,British Male Solo Artist,Mike Skinner,Mike Skinner,BRIT Music Awards
681,2005,British Pop Act,McFly,McFly,BRIT Music Awards
682,2005,British Rock Act,Franz Ferdinand,Franz Ferdinand,BRIT Music Awards
683,2005,British Single,Will Young,Will Young,BRIT Music Awards
684,2005,British Urban Act,Joss Stone,Joss Stone,BRIT Music Awards
685,2005,BRITs 25 Best Song Award,Robbie Williams,Robbie Williams,BRIT Music Awards
686,2005,International Album,Scissor Sisters,Scissor Sisters,BRIT Music Awards
687,2005,International Breakthrough Artist,Scissor Sisters,Scissor Sisters,BRIT Music Awards
688,2005,International Female,Gwen Stefani,Gwen Stefani,BRIT Music Awards
689,2005,International Group,Scissor Sisters,Scissor Sisters,BRIT Music Awards
690,2005,International Male,Eminem,Eminem,BRIT Music Awards
691,2005,MasterCard British Album,Keane,Keane,BRIT Music Awards
692,2005,Outstanding Contribution,Bob Geldof,Bob Geldof,BRIT Music Awards
693,2005,British Breakthrough Artist,Keane,Keane,BRIT Music Awards
694,2005,British Female Solo Artist,Joss Stone,Joss Stone,BRIT Music Awards
695,2005,British Group,Franz Ferdinand,Franz Ferdinand,BRIT Music Awards
696,2005,British Live Act,Muse,Muse,BRIT Music Awards
697,2005,British Male Solo Artist,Mike Skinner,Mike Skinner,BRIT Music Awards
698,2005,British Pop Act,McFly,McFly,BRIT Music Awards
699,2005,British Rock Act,Franz Ferdinand,Franz Ferdinand,BRIT Music Awards
700,2005,British Single,Will Young,Will Young,BRIT Music Awards
701,2005,British Urban Act,Joss Stone,Joss Stone,BRIT Music Awards
702,2005,BRITs 25 Best Song Award,Robbie Williams,Robbie Williams,BRIT Music Awards
703,2005,International Album,Scissor Sisters,Scissor Sisters,BRIT Music Awards
704,2005,International Breakthrough Artist,Scissor Sisters,Scissor Sisters,BRIT Music Awards
705,2005,International Female,Gwen Stefani,Gwen Stefani,BRIT Music Awards
706,2005,International Group,Scissor Sisters,Scissor Sisters,BRIT Music Awards
707,2005,International Male,Eminem,Eminem,BRIT Music Awards
708,2005,MasterCard British Album,Keane,Keane,BRIT Music Awards
709,2005,Outstanding Contribution,Bob Geldof,Bob Geldof,BRIT Music Awards
710,2006,British Female Solo Artist,KT Tunstall,KT Tunstall,BRIT Music Awards
711,2006,British Group,Kaiser Chiefs,Kaiser Chiefs,BRIT Music Awards
712,2006,British Live Act,Kaiser Chiefs,Kaiser Chiefs,BRIT Music Awards
713,2006,British Male Solo Artist,James Blunt,James Blunt,BRIT Music Awards
714,2006,British Rock Act,Kaiser Chiefs,Kaiser Chiefs,BRIT Music Awards
715,2006,British Single,Coldplay,Coldplay,BRIT Music Awards
716,2006,British Urban Act,Lemar,Lemar,BRIT Music Awards
717,2006,International Album,Green Day,Green Day,BRIT Music Awards
718,2006,International Breakthrough Artist,Jack Johnson,Jack Johnson,BRIT Music Awards
719,2006,International Female Solo Artist,Madonna,Madonna,BRIT Music Awards
720,2006,International Group,Green Day,Green Day,BRIT Music Awards
721,2006,International Male Solo Artist,Kanye West,Kanye West,BRIT Music Awards
722,2006,MasterCard British Album,Coldplay,Coldplay,BRIT Music Awards
723,2006,Outstanding Contribution,Paul Weller,Paul Weller,BRIT Music Awards
724,2006,Pop Act,James Blunt,James Blunt,BRIT Music Awards
725,2006,British Female Solo Artist,KT Tunstall,KT Tunstall,BRIT Music Awards
726,2006,British Group,Kaiser Chiefs,Kaiser Chiefs,BRIT Music Awards
727,2006,British Live Act,Kaiser Chiefs,Kaiser Chiefs,BRIT Music Awards
728,2006,British Male Solo Artist,James Blunt,James Blunt,BRIT Music Awards
729,2006,British Rock Act,Kaiser Chiefs,Kaiser Chiefs,BRIT Music Awards
730,2006,British Single,Coldplay,Coldplay,BRIT Music Awards
731,2006,British Urban Act,Lemar,Lemar,BRIT Music Awards
732,2006,International Album,Green Day,Green Day,BRIT Music Awards
733,2006,International Breakthrough Artist,Jack Johnson,Jack Johnson,BRIT Music Awards
734,2006,International Female Solo Artist,Madonna,Madonna,BRIT Music Awards
735,2006,International Group,Green Day,Green Day,BRIT Music Awards
736,2006,International Male Solo Artist,Kanye West,Kanye West,BRIT Music Awards
737,2006,MasterCard British Album,Coldplay,Coldplay,BRIT Music Awards
738,2006,Outstanding Contribution,Paul Weller,Paul Weller,BRIT Music Awards
739,2006,Pop Act,James Blunt,James Blunt,BRIT Music Awards
740,2007,British Breakthrough Act,The Fratellis,The Fratellis,BRIT Music Awards
741,2007,British Female Solo Artist,Amy Winehouse,Amy Winehouse,BRIT Music Awards
742,2007,British Group,Arctic Monkeys,Arctic Monkeys,BRIT Music Awards
743,2007,British Live Act,Muse,Muse,BRIT Music Awards
744,2007,British Male Solo Artist,James Morrison,James Morrison,BRIT Music Awards
745,2007,British Single,Take That,Take That,BRIT Music Awards
746,2007,International Album,The Killers,The Killers,BRIT Music Awards
747,2007,International Breakthrough Act,Orson,Orson,BRIT Music Awards
748,2007,International Female Solo Artist,Nelly Furtado,Nelly Furtado,BRIT Music Awards
749,2007,International Group,The Killers,The Killers,BRIT Music Awards
750,2007,International Male Solo Artist,Justin Timberlake,Justin Timberlake,BRIT Music Awards
751,2007,MasterCard British Album,Arctic Monkeys,Arctic Monkeys,BRIT Music Awards
752,2007,Outstanding Contribution,Oasis,Oasis,BRIT Music Awards
753,2007,British Breakthrough Act,The Fratellis,The Fratellis,BRIT Music Awards
754,2007,British Female Solo Artist,Amy Winehouse,Amy Winehouse,BRIT Music Awards
755,2007,British Group,Arctic Monkeys,Arctic Monkeys,BRIT Music Awards
756,2007,British Live Act,Muse,Muse,BRIT Music Awards
757,2007,British Male Solo Artist,James Morrison,James Morrison,BRIT Music Awards
758,2007,British Single,Take That,Take That,BRIT Music Awards
759,2007,International Album,The Killers,The Killers,BRIT Music Awards
760,2007,International Breakthrough Act,Orson,Orson,BRIT Music Awards
761,2007,International Female Solo Artist,Nelly Furtado,Nelly Furtado,BRIT Music Awards
762,2007,International Group,The Killers,The Killers,BRIT Music Awards
763,2007,International Male Solo Artist,Justin Timberlake,Justin Timberlake,BRIT Music Awards
764,2007,MasterCard British Album,Arctic Monkeys,Arctic Monkeys,BRIT Music Awards
765,2007,Outstanding Contribution,Oasis,Oasis,BRIT Music Awards
766,2008,British Breakthrough Act,Mika,Mika,BRIT Music Awards
767,2008,British Female Solo Artist,Kate Nash,Kate Nash,BRIT Music Awards
768,2008,British Group,Arctic Monkeys,Arctic Monkeys,BRIT Music Awards
769,2008,British Live Act,Take That,Take That,BRIT Music Awards
770,2008,British Male Solo Artist,Mark Ronson,Mark Ronson,BRIT Music Awards
771,2008,British Single,Take That,Take That,BRIT Music Awards
772,2008,Critic's Choice Award,Adele,Adele,BRIT Music Awards
773,2008,International Album,Foo Fighters,Foo Fighters,BRIT Music Awards
774,2008,International Female Solo Artist,Kylie Minogue,Kylie Minogue,BRIT Music Awards
775,2008,International Group,Foo Fighters,Foo Fighters,BRIT Music Awards
776,2008,International Male Solo Artist,Kanye West,Kanye West,BRIT Music Awards
777,2008,MasterCard British Album,Arctic Monkeys,Arctic Monkeys,BRIT Music Awards
778,2008,Outstanding Contribution,Paul McCartney,Paul McCartney,BRIT Music Awards
779,2008,British Breakthrough Act,Mika,Mika,BRIT Music Awards
780,2008,British Female Solo Artist,Kate Nash,Kate Nash,BRIT Music Awards
781,2008,British Group,Arctic Monkeys,Arctic Monkeys,BRIT Music Awards
782,2008,British Live Act,Take That,Take That,BRIT Music Awards
783,2008,British Male Solo Artist,Mark Ronson,Mark Ronson,BRIT Music Awards
784,2008,British Single,Take That,Take That,BRIT Music Awards
785,2008,Critic's Choice Award,Adele,Adele,BRIT Music Awards
786,2008,International Album,Foo Fighters,Foo Fighters,BRIT Music Awards
787,2008,International Female Solo Artist,Kylie Minogue,Kylie Minogue,BRIT Music Awards
788,2008,International Group,Foo Fighters,Foo Fighters,BRIT Music Awards
789,2008,International Male Solo Artist,Kanye West,Kanye West,BRIT Music Awards
790,2008,MasterCard British Album,Arctic Monkeys,Arctic Monkeys,BRIT Music Awards
791,2008,Outstanding Contribution,Paul McCartney,Paul McCartney,BRIT Music Awards
792,2009,British Breakthrough Act,Duffy,Duffy,BRIT Music Awards
793,2009,British Female Solo Artist,Duffy,Duffy,BRIT Music Awards
794,2009,British Group,Elbow,Elbow,BRIT Music Awards
795,2009,British Live Act,Iron Maiden,Iron Maiden,BRIT Music Awards
796,2009,British Male Solo Artist,Paul Weller,Paul Weller,BRIT Music Awards
797,2009,British Single,Girls Aloud,Girls Aloud,BRIT Music Awards
798,2009,Critic's Choice Award,Florence + The Machine,Florence + The Machine,BRIT Music Awards
799,2009,International Album,Kings Of Leon,Kings Of Leon,BRIT Music Awards
800,2009,International Female Solo Artist,Katy Perry,Katy Perry,BRIT Music Awards
801,2009,International Group,Kings Of Leon,Kings Of Leon,BRIT Music Awards
802,2009,International Male Solo Artist,Kanye West,Kanye West,BRIT Music Awards
803,2009,MasterCard British Album,Duffy,Duffy,BRIT Music Awards
804,2009,Outstanding Contribution,Pet Shop Boys,Pet Shop Boys,BRIT Music Awards
805,2009,British Breakthrough Act,Duffy,Duffy,BRIT Music Awards
806,2009,British Female Solo Artist,Duffy,Duffy,BRIT Music Awards
807,2009,British Group,Elbow,Elbow,BRIT Music Awards
808,2009,British Live Act,Iron Maiden,Iron Maiden,BRIT Music Awards
809,2009,British Male Solo Artist,Paul Weller,Paul Weller,BRIT Music Awards
810,2009,British Single,Girls Aloud,Girls Aloud,BRIT Music Awards
811,2009,Critic's Choice Award,Florence + The Machine,Florence + The Machine,BRIT Music Awards
812,2009,International Album,Kings Of Leon,Kings Of Leon,BRIT Music Awards
813,2009,International Female Solo Artist,Katy Perry,Katy Perry,BRIT Music Awards
814,2009,International Group,Kings Of Leon,Kings Of Leon,BRIT Music Awards
815,2009,International Male Solo Artist,Kanye West,Kanye West,BRIT Music Awards
816,2009,MasterCard British Album,Duffy,Duffy,BRIT Music Awards
817,2009,Outstanding Contribution,Pet Shop Boys,Pet Shop Boys,BRIT Music Awards
818,2010,British Breakthrough Act,JLS,JLS,BRIT Music Awards
819,2010,British Female Solo Artist,Lily Allen,Lily Allen,BRIT Music Awards
820,2010,British Group,Kasabian,Kasabian,BRIT Music Awards
821,2010,British Male Solo Artist,Dizzee Rascal,Dizzee Rascal,BRIT Music Awards
822,2010,British Producer,Paul Epworth,Paul Epworth,BRIT Music Awards
823,2010,British Single,JLS,JLS,BRIT Music Awards
824,2010,BRITs Album of 30 Years,Oasis,Oasis,BRIT Music Awards
825,2010,Critics' Choice,Ellie Goulding,Ellie Goulding,BRIT Music Awards
826,2010,International Album,Lady Gaga,Lady Gaga,BRIT Music Awards
827,2010,International Breakthrough Act,Lady Gaga,Lady Gaga,BRIT Music Awards
828,2010,International Female Solo Artist,Lady Gaga,Lady Gaga,BRIT Music Awards
829,2010,International Male Solo Artist,Jay-Z,Jay-Z,BRIT Music Awards
830,2010,MasterCard British Album,Florence + The Machine,Florence + The Machine,BRIT Music Awards
831,2010,Outstanding Contribution Award,Robbie Williams,Robbie Williams,BRIT Music Awards
832,2010,The BRITs Hits 30,Spice Girls,Spice Girls,BRIT Music Awards
833,2010,British Breakthrough Act,JLS,JLS,BRIT Music Awards
834,2010,British Female Solo Artist,Lily Allen,Lily Allen,BRIT Music Awards
835,2010,British Group,Kasabian,Kasabian,BRIT Music Awards
836,2010,British Male Solo Artist,Dizzee Rascal,Dizzee Rascal,BRIT Music Awards
837,2010,British Producer,Paul Epworth,Paul Epworth,BRIT Music Awards
838,2010,British Single,JLS,JLS,BRIT Music Awards
839,2010,BRITs Album of 30 Years,Oasis,Oasis,BRIT Music Awards
840,2010,Critics' Choice,Ellie Goulding,Ellie Goulding,BRIT Music Awards
841,2010,International Album,Lady Gaga,Lady Gaga,BRIT Music Awards
842,2010,International Breakthrough Act,Lady Gaga,Lady Gaga,BRIT Music Awards
843,2010,International Female Solo Artist,Lady Gaga,Lady Gaga,BRIT Music Awards
844,2010,International Male Solo Artist,Jay-Z,Jay-Z,BRIT Music Awards
845,2010,MasterCard British Album,Florence + The Machine,Florence + The Machine,BRIT Music Awards
846,2010,Outstanding Contribution Award,Robbie Williams,Robbie Williams,BRIT Music Awards
847,2010,The BRITs Hits 30,Spice Girls,Spice Girls,BRIT Music Awards
848,2011,British Breakthrough Act,Tinie Tempah,Tinie Tempah,BRIT Music Awards
849,2011,British Female Solo Artist,Laura Marling,Laura Marling,BRIT Music Awards
850,2011,British Group,Take That,Take That,BRIT Music Awards
851,2011,British Male Solo Artist,Plan B,Plan B,BRIT Music Awards
852,2011,British Producer,Markus Dravs,Markus Dravs,BRIT Music Awards
853,2011,British Single,Tinie Tempah,Tinie Tempah,BRIT Music Awards
854,2011,Critics Choice,Jessie J,Jessie J,BRIT Music Awards
855,2011,International Album,Arcade Fire,Arcade Fire,BRIT Music Awards
856,2011,International Breakthrough Act,Justin Bieber,Justin Bieber,BRIT Music Awards
857,2011,International Female Solo Artist,Rihanna,Rihanna,BRIT Music Awards
858,2011,International Group,Arcade Fire,Arcade Fire,BRIT Music Awards
859,2011,International Male Solo Artist,Cee Lo Green,Cee Lo Green,BRIT Music Awards
860,2011,MasterCard British Album of the Year,Mumford & Sons,Mumford & Sons,BRIT Music Awards
861,2011,British Breakthrough Act,Tinie Tempah,Tinie Tempah,BRIT Music Awards
862,2011,British Female Solo Artist,Laura Marling,Laura Marling,BRIT Music Awards
863,2011,British Group,Take That,Take That,BRIT Music Awards
864,2011,British Male Solo Artist,Plan B,Plan B,BRIT Music Awards
865,2011,British Producer,Markus Dravs,Markus Dravs,BRIT Music Awards
866,2011,British Single,Tinie Tempah,Tinie Tempah,BRIT Music Awards
867,2011,Critics Choice,Jessie J,Jessie J,BRIT Music Awards
868,2011,International Album,Arcade Fire,Arcade Fire,BRIT Music Awards
869,2011,International Breakthrough Act,Justin Bieber,Justin Bieber,BRIT Music Awards
870,2011,International Female Solo Artist,Rihanna,Rihanna,BRIT Music Awards
871,2011,International Group,Arcade Fire,Arcade Fire,BRIT Music Awards
872,2011,International Male Solo Artist,Cee Lo Green,Cee Lo Green,BRIT Music Awards
873,2011,MasterCard British Album of the Year,Mumford & Sons,Mumford & Sons,BRIT Music Awards
874,2012,British Breakthrough Act,Ed Sheeran,Ed Sheeran,BRIT Music Awards
875,2012,British Female Solo Artist,Adele,Adele,BRIT Music Awards
876,2012,British Group,Coldplay,Coldplay,BRIT Music Awards
877,2012,British Male Solo Artist,Ed Sheeran,Ed Sheeran,BRIT Music Awards
878,2012,British Single,One Direction,One Direction,BRIT Music Awards
879,2012,Critics Choice,Emeli Sand,Emeli Sand,BRIT Music Awards
880,2012,International Breakthrough Act,Lana Del Rey,Lana Del Rey,BRIT Music Awards
881,2012,International Female Solo Artist,Rihanna,Rihanna,BRIT Music Awards
882,2012,International Group,Foo Fighters,Foo Fighters,BRIT Music Awards
883,2012,International Male Solo Artist,Bruno Mars,Bruno Mars,BRIT Music Awards
884,2012,MasterCard British Album of the Year,Adele,Adele,BRIT Music Awards
885,2012,Outstanding Contribution to Music,Blur,Blur,BRIT Music Awards
886,2012,British Breakthrough Act,Ed Sheeran,Ed Sheeran,BRIT Music Awards
887,2012,British Female Solo Artist,Adele,Adele,BRIT Music Awards
888,2012,British Group,Coldplay,Coldplay,BRIT Music Awards
889,2012,British Male Solo Artist,Ed Sheeran,Ed Sheeran,BRIT Music Awards
890,2012,British Single,One Direction,One Direction,BRIT Music Awards
891,2012,Critics Choice,Emeli Sand,Emeli Sand,BRIT Music Awards
892,2012,International Breakthrough Act,Lana Del Rey,Lana Del Rey,BRIT Music Awards
893,2012,International Female Solo Artist,Rihanna,Rihanna,BRIT Music Awards
894,2012,International Group,Foo Fighters,Foo Fighters,BRIT Music Awards
895,2012,International Male Solo Artist,Bruno Mars,Bruno Mars,BRIT Music Awards
896,2012,MasterCard British Album of the Year,Adele,Adele,BRIT Music Awards
897,2012,Outstanding Contribution to Music,Blur,Blur,BRIT Music Awards
898,2013,British Breakthrough Act,Ben Howard,Ben Howard,BRIT Music Awards
899,2013,British Female Solo Artist,Emeli Sand,Emeli Sand,BRIT Music Awards
900,2013,British Group,Mumford & Sons,Mumford & Sons,BRIT Music Awards
901,2013,British Live Act,Coldplay,Coldplay,BRIT Music Awards
902,2013,British Male Solo Artist,Ben Howard,Ben Howard,BRIT Music Awards
903,2013,British Producer of the Year,Paul Epworth,Paul Epworth,BRIT Music Awards
904,2013,British Single,Adele,Adele,BRIT Music Awards
905,2013,BRITs Global Success Award,One Direction,One Direction,BRIT Music Awards
906,2013,Critics' Choice Award,Tom Odell,Tom Odell,BRIT Music Awards
907,2013,International Female Solo Artist,Lana Del Rey,Lana Del Rey,BRIT Music Awards
908,2013,International Group,The Black Keys,The Black Keys,BRIT Music Awards
909,2013,International Male Solo Artist,Frank Ocean,Frank Ocean,BRIT Music Awards
910,2013,Mastercard British Album of the Year,Emeli Sand,Emeli Sand,BRIT Music Awards
911,2013,British Breakthrough Act,Ben Howard,Ben Howard,BRIT Music Awards
912,2013,British Female Solo Artist,Emeli Sand,Emeli Sand,BRIT Music Awards
913,2013,British Group,Mumford & Sons,Mumford & Sons,BRIT Music Awards
914,2013,British Live Act,Coldplay,Coldplay,BRIT Music Awards
915,2013,British Male Solo Artist,Ben Howard,Ben Howard,BRIT Music Awards
916,2013,British Producer of the Year,Paul Epworth,Paul Epworth,BRIT Music Awards
917,2013,British Single,Adele,Adele,BRIT Music Awards
918,2013,BRITs Global Success Award,One Direction,One Direction,BRIT Music Awards
919,2013,Critics' Choice Award,Tom Odell,Tom Odell,BRIT Music Awards
920,2013,International Female Solo Artist,Lana Del Rey,Lana Del Rey,BRIT Music Awards
921,2013,International Group,The Black Keys,The Black Keys,BRIT Music Awards
922,2013,International Male Solo Artist,Frank Ocean,Frank Ocean,BRIT Music Awards
923,2013,Mastercard British Album of the Year,Emeli Sand,Emeli Sand,BRIT Music Awards
924,2014,Best Producer,Flood & Alan Moulder,Flood & Alan Moulder,BRIT Music Awards
925,2014,British Breakthrough Act,Bastille,Bastille,BRIT Music Awards
926,2014,British Female Solo Artist,Ellie Goulding,Ellie Goulding,BRIT Music Awards
927,2014,British Group,Arctic Monkeys,Arctic Monkeys,BRIT Music Awards
928,2014,British Male Solo Artist,David Bowie,David Bowie,BRIT Music Awards
929,2014,British Single,Rudimental,Rudimental,BRIT Music Awards
930,2014,British Video,One Direction,One Direction,BRIT Music Awards
931,2014,Critics' Choice Award,Sam Smith,Sam Smith,BRIT Music Awards
932,2014,International Female Solo Artist,Lorde,Lorde,BRIT Music Awards
933,2014,International Group,Daft Punk,Daft Punk,BRIT Music Awards
934,2014,International Male Solo Artist,Bruno Mars,Bruno Mars,BRIT Music Awards
935,2014,MasterCard British Album of the Year,Arctic Monkeys,Arctic Monkeys,BRIT Music Awards
936,2014,Best Producer,Flood & Alan Moulder,Flood & Alan Moulder,BRIT Music Awards
937,2014,British Breakthrough Act,Bastille,Bastille,BRIT Music Awards
938,2014,British Female Solo Artist,Ellie Goulding,Ellie Goulding,BRIT Music Awards
939,2014,British Group,Arctic Monkeys,Arctic Monkeys,BRIT Music Awards
940,2014,British Male Solo Artist,David Bowie,David Bowie,BRIT Music Awards
941,2014,British Single,Rudimental,Rudimental,BRIT Music Awards
942,2014,British Video,One Direction,One Direction,BRIT Music Awards
943,2014,Critics' Choice Award,Sam Smith,Sam Smith,BRIT Music Awards
944,2014,International Female Solo Artist,Lorde,Lorde,BRIT Music Awards
945,2014,International Group,Daft Punk,Daft Punk,BRIT Music Awards
946,2014,International Male Solo Artist,Bruno Mars,Bruno Mars,BRIT Music Awards
947,2014,MasterCard British Album of the Year,Arctic Monkeys,Arctic Monkeys,BRIT Music Awards
948,2015,British Breakthrough Act,Sam Smith,Sam Smith,BRIT Music Awards
949,2015,British Female Solo Artist,Paloma Faith,Paloma Faith,BRIT Music Awards
950,2015,British Group,Royal Blood,Royal Blood,BRIT Music Awards
951,2015,British Male Solo Artist,Ed Sheeran,Ed Sheeran,BRIT Music Awards
952,2015,British Producer,Paul Epworth,Paul Epworth,BRIT Music Awards
953,2015,British Single,Mark Ronson ft Bruno Mars - 'Uptown Funk',Mark Ronson ft Bruno Mars - 'Uptown Funk',BRIT Music Awards
954,2015,British Video,One  Direction,One  Direction,BRIT Music Awards
955,2015,BRITs Global Success Award,Sam Smith,Sam Smith,BRIT Music Awards
956,2015,Critics' Choice Award,James Bay,James Bay,BRIT Music Awards
957,2015,International Female Solo Artist,Taylor Swift,Taylor Swift,BRIT Music Awards
958,2015,International Group,Foo Fighters,Foo Fighters,BRIT Music Awards
959,2015,International Male Solo Artist,Pharrell Williams,Pharrell Williams,BRIT Music Awards
960,2015,MasterCard British Album,Ed Sheeran - 'X',Ed Sheeran - 'X',BRIT Music Awards
961,2015,British Breakthrough Act,Sam Smith,Sam Smith,BRIT Music Awards
962,2015,British Female Solo Artist,Paloma Faith,Paloma Faith,BRIT Music Awards
963,2015,British Group,Royal Blood,Royal Blood,BRIT Music Awards
964,2015,British Male Solo Artist,Ed Sheeran,Ed Sheeran,BRIT Music Awards
965,2015,British Producer,Paul Epworth,Paul Epworth,BRIT Music Awards
966,2015,British Single,Mark Ronson ft Bruno Mars - 'Uptown Funk',Mark Ronson ft Bruno Mars - 'Uptown Funk',BRIT Music Awards
967,2015,British Video,One  Direction,One  Direction,BRIT Music Awards
968,2015,BRITs Global Success Award,Sam Smith,Sam Smith,BRIT Music Awards
969,2015,Critics' Choice Award,James Bay,James Bay,BRIT Music Awards
970,2015,International Female Solo Artist,Taylor Swift,Taylor Swift,BRIT Music Awards
971,2015,International Group,Foo Fighters,Foo Fighters,BRIT Music Awards
972,2015,International Male Solo Artist,Pharrell Williams,Pharrell Williams,BRIT Music Awards
973,2015,MasterCard British Album,Ed Sheeran - 'X',Ed Sheeran - 'X',BRIT Music Awards
974,2016,British Artist Video,One Direction - 'Drag Me Down',One Direction - 'Drag Me Down',BRIT Music Awards
975,2016,British Breakthrough Act,Catfish and the Bottlemen,Catfish and the Bottlemen,BRIT Music Awards
976,2016,British Female Solo Artist,Adele,Adele,BRIT Music Awards
977,2016,British Group,Coldplay,Coldplay,BRIT Music Awards
978,2016,British Male Solo Artist,James Bay,James Bay,BRIT Music Awards
979,2016,British Producer of the Year,Charlie Andrew,Charlie Andrew,BRIT Music Awards
980,2016,British Single,Adele - 'Hello',Adele - 'Hello',BRIT Music Awards
981,2016,Critics' Choice,Jack Garratt,Jack Garratt,BRIT Music Awards
982,2016,Global Success,Adele,Adele,BRIT Music Awards
983,2016,International Female Solo Artist,Bjrk,Bjrk,BRIT Music Awards
984,2016,International Group,Tame Impala,Tame Impala,BRIT Music Awards
985,2016,International Male Solo Artist,Justin Bieber,Justin Bieber,BRIT Music Awards
986,2016,MasterCard British Album of the Year,Adele - 25,Adele - 25,BRIT Music Awards
987,2016,British Artist Video,One Direction - 'Drag Me Down',One Direction - 'Drag Me Down',BRIT Music Awards
988,2016,British Breakthrough Act,Catfish and the Bottlemen,Catfish and the Bottlemen,BRIT Music Awards
989,2016,British Female Solo Artist,Adele,Adele,BRIT Music Awards
990,2016,British Group,Coldplay,Coldplay,BRIT Music Awards
991,2016,British Male Solo Artist,James Bay,James Bay,BRIT Music Awards
992,2016,British Producer of the Year,Charlie Andrew,Charlie Andrew,BRIT Music Awards
993,2016,British Single,Adele - 'Hello',Adele - 'Hello',BRIT Music Awards
994,2016,Critics' Choice,Jack Garratt,Jack Garratt,BRIT Music Awards
995,2016,Global Success,Adele,Adele,BRIT Music Awards
996,2016,International Female Solo Artist,Bjrk,Bjrk,BRIT Music Awards
997,2016,International Group,Tame Impala,Tame Impala,BRIT Music Awards
998,2016,International Male Solo Artist,Justin Bieber,Justin Bieber,BRIT Music Awards
999,2016,MasterCard British Album of the Year,Adele - 25,Adele - 25,BRIT Music Awards
1000,2017,British Artist Video,One Direction - 'History',One Direction - 'History',BRIT Music Awards
1001,2017,British Breakthrough Act,Rag'N'Bone Man,Rag'N'Bone Man,BRIT Music Awards
1002,2017,British Female Solo Artist,Emeli Sand,Emeli Sand,BRIT Music Awards
1003,2017,British Group,The 1975,The 1975,BRIT Music Awards
1004,2017,British Male Solo Artist,David Bowie,David Bowie,BRIT Music Awards
1005,2017,British Single,Little Mix - 'Shout Out To My Ex',Little Mix - 'Shout Out To My Ex',BRIT Music Awards
1006,2017,BRITs Global Success Award,Adele,Adele,BRIT Music Awards
1007,2017,International Female Solo Artist,Beyonc,Beyonc,BRIT Music Awards
1008,2017,International Group,A Tribe Called Quest,A Tribe Called Quest,BRIT Music Awards
1009,2017,International Male Solo Artist,Drake,Drake,BRIT Music Awards
1010,2017,Mastercard British Album of the Year,Davie Bowie - Blackstar,Davie Bowie - Blackstar,BRIT Music Awards
1011,2017,British Artist Video,One Direction - 'History',One Direction - 'History',BRIT Music Awards
1012,2017,British Breakthrough Act,Rag'N'Bone Man,Rag'N'Bone Man,BRIT Music Awards
1013,2017,British Female Solo Artist,Emeli Sand,Emeli Sand,BRIT Music Awards
1014,2017,British Group,The 1975,The 1975,BRIT Music Awards
1015,2017,British Male Solo Artist,David Bowie,David Bowie,BRIT Music Awards
1016,2017,British Single,Little Mix - 'Shout Out To My Ex',Little Mix - 'Shout Out To My Ex',BRIT Music Awards
1017,2017,BRITs Global Success Award,Adele,Adele,BRIT Music Awards
1018,2017,International Female Solo Artist,Beyonc,Beyonc,BRIT Music Awards
1019,2017,International Group,A Tribe Called Quest,A Tribe Called Quest,BRIT Music Awards
1020,2017,International Male Solo Artist,Drake,Drake,BRIT Music Awards
1021,2017,Mastercard British Album of the Year,Davie Bowie - Blackstar,Davie Bowie - Blackstar,BRIT Music Awards
1022,2018,BRITISH ARTIST VIDEO OF THE YEAR,Harry Styles - 'Sign Of The Times',Harry Styles - 'Sign Of The Times',BRIT Music Awards
1023,2018,BRITISH BREAKTHROUGH ACT,Dua Lipa,Dua Lipa,BRIT Music Awards
1024,2018,BRITISH FEMALE SOLO ARTIST,Dua Lipa,Dua Lipa,BRIT Music Awards
1025,2018,BRITISH GROUP,Gorillaz,Gorillaz,BRIT Music Awards
1026,2018,BRITISH MALE SOLO ARTIST,Stormzy,Stormzy,BRIT Music Awards
1027,2018,BRITISH PRODUCER OF THE YEAR,Steve Mac,Steve Mac,BRIT Music Awards
1028,2018,BRITISH SINGLE,Rag'n'Bone Man - 'Human',Rag'n'Bone Man - 'Human',BRIT Music Awards
1029,2018,BRITs GLOBAL SUCCESS AWARD,Ed Sheeran,Ed Sheeran,BRIT Music Awards
1030,2018,CRITICS CHOICE,Jorja Smith,Jorja Smith,BRIT Music Awards
1031,2018,INTERNATIONAL FEMALE SOLO ARTIST,Lorde,Lorde,BRIT Music Awards
1032,2018,INTERNATIONAL GROUP,Foo Fighters,Foo Fighters,BRIT Music Awards
1033,2018,INTERNATIONAL MALE SOLO ARTIST,Kendrick Lamar,Kendrick Lamar,BRIT Music Awards
1034,2018,MASTERCARD BRITISH ALBUM OF THE YEAR,Stormzy - 'Gang Signs & Prayer',Stormzy - 'Gang Signs & Prayer',BRIT Music Awards
1035,2018,BRITISH ARTIST VIDEO OF THE YEAR,Harry Styles - 'Sign Of The Times',Harry Styles - 'Sign Of The Times',BRIT Music Awards
1036,2018,BRITISH BREAKTHROUGH ACT,Dua Lipa,Dua Lipa,BRIT Music Awards
1037,2018,BRITISH FEMALE SOLO ARTIST,Dua Lipa,Dua Lipa,BRIT Music Awards
1038,2018,BRITISH GROUP,Gorillaz,Gorillaz,BRIT Music Awards
1039,2018,BRITISH MALE SOLO ARTIST,Stormzy,Stormzy,BRIT Music Awards
1040,2018,BRITISH PRODUCER OF THE YEAR,Steve Mac,Steve Mac,BRIT Music Awards
1041,2018,BRITISH SINGLE,Rag'n'Bone Man - 'Human',Rag'n'Bone Man - 'Human',BRIT Music Awards
1042,2018,BRITs GLOBAL SUCCESS AWARD,Ed Sheeran,Ed Sheeran,BRIT Music Awards
1043,2018,CRITICS CHOICE,Jorja Smith,Jorja Smith,BRIT Music Awards
1044,2018,INTERNATIONAL FEMALE SOLO ARTIST,Lorde,Lorde,BRIT Music Awards
1045,2018,INTERNATIONAL GROUP,Foo Fighters,Foo Fighters,BRIT Music Awards
1046,2018,INTERNATIONAL MALE SOLO ARTIST,Kendrick Lamar,Kendrick Lamar,BRIT Music Awards
1047,2018,MASTERCARD BRITISH ALBUM OF THE YEAR,Stormzy - 'Gang Signs & Prayer',Stormzy - 'Gang Signs & Prayer',BRIT Music Awards
1048,2019,BRITISH ARTIST VIDEO OF THE YEAR,Little Mix feat. Nicki Minaj - 'Woman Like Me',Little Mix feat. Nicki Minaj - 'Woman Like Me',BRIT Music Awards
1049,2019,BRITISH BREAKTHROUGH ACT,Tom Walker,Tom Walker,BRIT Music Awards
1050,2019,BRITISH FEMALE SOLO ARTIST,Jorja Smith,Jorja Smith,BRIT Music Awards
1051,2019,BRITISH GROUP,The 1975,The 1975,BRIT Music Awards
1052,2019,BRITISH MALE SOLO ARTIST,George Ezra,George Ezra,BRIT Music Awards
1053,2019,BRITISH PRODUCER OF THE YEAR,Calvin Harris,Calvin Harris,BRIT Music Awards
1054,2019,BRITISH SINGLE,Calvin Harris & Dua Lipa - 'One Kiss',Calvin Harris & Dua Lipa - 'One Kiss',BRIT Music Awards
1055,2019,CRITICS' CHOICE,Sam Fender,Sam Fender,BRIT Music Awards
1056,2019,GLOBAL SUCCESS AWARD,Ed Sheeran,Ed Sheeran,BRIT Music Awards
1057,2019,INTERNATIONAL FEMALE SOLO ARTIST,Ariana Grande,Ariana Grande,BRIT Music Awards
1058,2019,INTERNATIONAL GROUP,The Carters,The Carters,BRIT Music Awards
1059,2019,INTERNATIONAL MALE SOLO ARTIST,Drake,Drake,BRIT Music Awards
1060,2019,MASTERCARD BRITISH ALBUM OF THE YEAR,The 1975 - 'A Brief Inquiry into Online Relationships',The 1975 - 'A Brief Inquiry into Online Relationships',BRIT Music Awards
1061,2019,OUTSTANDING CONTRIBUTION TO MUSIC AWARD,Pink,Pink,BRIT Music Awards
1062,2019,BRITISH ARTIST VIDEO OF THE YEAR,Little Mix feat. Nicki Minaj - 'Woman Like Me',Little Mix feat. Nicki Minaj - 'Woman Like Me',BRIT Music Awards
1063,2019,BRITISH BREAKTHROUGH ACT,Tom Walker,Tom Walker,BRIT Music Awards
1064,2019,BRITISH FEMALE SOLO ARTIST,Jorja Smith,Jorja Smith,BRIT Music Awards
1065,2019,BRITISH GROUP,The 1975,The 1975,BRIT Music Awards
1066,2019,BRITISH MALE SOLO ARTIST,George Ezra,George Ezra,BRIT Music Awards
1067,2019,BRITISH PRODUCER OF THE YEAR,Calvin Harris,Calvin Harris,BRIT Music Awards
1068,2019,BRITISH SINGLE,Calvin Harris & Dua Lipa - 'One Kiss',Calvin Harris & Dua Lipa - 'One Kiss',BRIT Music Awards
1069,2019,CRITICS' CHOICE,Sam Fender,Sam Fender,BRIT Music Awards
1070,2019,GLOBAL SUCCESS AWARD,Ed Sheeran,Ed Sheeran,BRIT Music Awards
1071,2019,INTERNATIONAL FEMALE SOLO ARTIST,Ariana Grande,Ariana Grande,BRIT Music Awards
1072,2019,INTERNATIONAL GROUP,The Carters,The Carters,BRIT Music Awards
1073,2019,INTERNATIONAL MALE SOLO ARTIST,Drake,Drake,BRIT Music Awards
1074,2019,MASTERCARD BRITISH ALBUM OF THE YEAR,The 1975 - 'A Brief Inquiry into Online Relationships',The 1975 - 'A Brief Inquiry into Online Relationships',BRIT Music Awards
1075,2019,OUTSTANDING CONTRIBUTION TO MUSIC AWARD,Pink,Pink,BRIT Music Awards
1076,2020,Best Group,Foals,Foals,BRIT Music Awards
1077,2020,Best New Artist,Lewis Capaldi,Lewis Capaldi,BRIT Music Awards
1078,2020,Female Solo Artist,Mabel,Mabel,BRIT Music Awards
1079,2020,International Female Solo Artist,Billie Eilish,Billie Eilish,BRIT Music Awards
1080,2020,International Male Solo Artist,"Tyler, the Creator","Tyler, the Creator",BRIT Music Awards
1081,2020,Male Solo Artist,Stormzy,Stormzy,BRIT Music Awards
1082,2020,Mastercard Album Of The Year,Dave - 'Psychodrama',Dave - 'Psychodrama',BRIT Music Awards
1083,2020,Song of the Year,Lewis Capaldi - 'Someone You Loved',Lewis Capaldi - 'Someone You Loved',BRIT Music Awards
1084,2020,Best Group,Foals,Foals,BRIT Music Awards
1085,2020,Best New Artist,Lewis Capaldi,Lewis Capaldi,BRIT Music Awards
1086,2020,Female Solo Artist,Mabel,Mabel,BRIT Music Awards
1087,2020,International Female Solo Artist,Billie Eilish,Billie Eilish,BRIT Music Awards
1088,2020,International Male Solo Artist,"Tyler, the Creator","Tyler, the Creator",BRIT Music Awards
1089,2020,Male Solo Artist,Stormzy,Stormzy,BRIT Music Awards
1090,2020,Mastercard Album Of The Year,Dave - 'Psychodrama',Dave - 'Psychodrama',BRIT Music Awards
1091,2020,Song of the Year,Lewis Capaldi - 'Someone You Loved',Lewis Capaldi - 'Someone You Loved',BRIT Music Awards
1092,2021,Breakthrough Artist,Arlo Parks,Arlo Parks,BRIT Music Awards
1093,2021,British Group,Little Mix,Little Mix,BRIT Music Awards
1094,2021,British Single with Mastercard,Harry Styles - Watermelon Sugar,Harry Styles - Watermelon Sugar,BRIT Music Awards
1095,2021,BRITs Global Icon,Taylor Swift,Taylor Swift,BRIT Music Awards
1096,2021,BRITs Rising Star,Griff,Griff,BRIT Music Awards
1097,2021,Female Solo Artist,Dua Lipa,Dua Lipa,BRIT Music Awards
1098,2021,International Female Solo Artist,Billie Eilish,Billie Eilish,BRIT Music Awards
1099,2021,International Group,HAIM,HAIM,BRIT Music Awards
1100,2021,International Male Solo Artist,The Weeknd,The Weeknd,BRIT Music Awards
1101,2021,Male Solo Artist,J Hus,J Hus,BRIT Music Awards
1102,2021,Mastercard Album,Dua Lipa - Future Nostalgia,Dua Lipa - Future Nostalgia,BRIT Music Awards
1103,2021,Breakthrough Artist,Arlo Parks,Arlo Parks,BRIT Music Awards
1104,2021,British Group,Little Mix,Little Mix,BRIT Music Awards
1105,2021,British Single with Mastercard,Harry Styles - Watermelon Sugar,Harry Styles - Watermelon Sugar,BRIT Music Awards
1106,2021,BRITs Global Icon,Taylor Swift,Taylor Swift,BRIT Music Awards
1107,2021,BRITs Rising Star,Griff,Griff,BRIT Music Awards
1108,2021,Female Solo Artist,Dua Lipa,Dua Lipa,BRIT Music Awards
1109,2021,International Female Solo Artist,Billie Eilish,Billie Eilish,BRIT Music Awards
1110,2021,International Group,HAIM,HAIM,BRIT Music Awards
1111,2021,International Male Solo Artist,The Weeknd,The Weeknd,BRIT Music Awards
1112,2021,Male Solo Artist,J Hus,J Hus,BRIT Music Awards
1113,2021,Mastercard Album,Dua Lipa - Future Nostalgia,Dua Lipa - Future Nostalgia,BRIT Music Awards
1114,2022,Artist of the Year,Adele,Adele,BRIT Music Awards
1115,2022,Best Dance Act,Becky Hill,Becky Hill,BRIT Music Awards
1116,2022,Best Group,Wolf Alice,Wolf Alice,BRIT Music Awards
1117,2022,Best Hip Hop/Grime/Rap Act,Dave,Dave,BRIT Music Awards
1118,2022,Best New Artist,Little Simz,Little Simz,BRIT Music Awards
1119,2022,Best Pop/R&B Act,Dua Lipa,Dua Lipa,BRIT Music Awards
1120,2022,Best Rock/Alternative Act,Sam Fender,Sam Fender,BRIT Music Awards
1121,2022,International Artist of the Year,Billie Eilish,Billie Eilish,BRIT Music Awards
1122,2022,International Group of the Year,Silk Sonic,Silk Sonic,BRIT Music Awards
1123,2022,International Song of the Year,Olivia Rodrigo - good 4 u,Olivia Rodrigo - good 4 u,BRIT Music Awards
1124,2022,Mastercard Album of The Year,Adele - 30,Adele - 30,BRIT Music Awards
1125,2022,Song of the Year,Adele - Easy On Me,Adele - Easy On Me,BRIT Music Awards
1126,2022,Artist of the Year,Adele,Adele,BRIT Music Awards
1127,2022,Best Dance Act,Becky Hill,Becky Hill,BRIT Music Awards
1128,2022,Best Group,Wolf Alice,Wolf Alice,BRIT Music Awards
1129,2022,Best Hip Hop/Grime/Rap Act,Dave,Dave,BRIT Music Awards
1130,2022,Best New Artist,Little Simz,Little Simz,BRIT Music Awards
1131,2022,Best Pop/R&B Act,Dua Lipa,Dua Lipa,BRIT Music Awards
1132,2022,Best Rock/Alternative Act,Sam Fender,Sam Fender,BRIT Music Awards
1133,2022,International Artist of the Year,Billie Eilish,Billie Eilish,BRIT Music Awards
1134,2022,International Group of the Year,Silk Sonic,Silk Sonic,BRIT Music Awards
1135,2022,International Song of the Year,Olivia Rodrigo - good 4 u,Olivia Rodrigo - good 4 u,BRIT Music Awards
1136,2022,Mastercard Album of The Year,Adele - 30,Adele - 30,BRIT Music Awards
1137,2022,Song of the Year,Adele - Easy On Me,Adele - Easy On Me,BRIT Music Awards
